HITId,HITTypeId,Title,Description,Keywords,Reward,CreationTime,MaxAssignments,RequesterAnnotation,AssignmentDurationInSeconds,AutoApprovalDelayInSeconds,Expiration,NumberOfSimilarHITs,LifetimeInSeconds,AssignmentId,WorkerId,AssignmentStatus,AcceptTime,SubmitTime,AutoApprovalTime,ApprovalTime,RejectionTime,RequesterFeedback,WorkTimeInSeconds,LifetimeApprovalRate,Last30DaysApprovalRate,Last7DaysApprovalRate,Answer.Gender,Answer.age,Answer.reasons,Answer.timesSeenDr,Answer.yourGender,Approve,Reject
3T2HW4QDUVTNFF296JWST80YUBRC9J,3QWFS36IISTTN0083DH0OZDXWA7QBB,Answer a 5 question survey about your opinions on preferred physician qualities,Answer a short survey about your opinions on preferred physician qualities,"survey, demographics",$0.50,Fri Aug 03 16:04:24 PDT 2018,100,BatchId:3328149;OriginalHitTemplateId:920937332;,1800,259200,Sat Aug 04 16:04:24 PDT 2018,,,38JBBYETQPW32RE4BHBYR8K6EX04EH,AGWHBRX2T3665,Submitted,Fri Aug 03 16:04:36 PDT 2018,Fri Aug 03 16:05:31 PDT 2018,Mon Aug 06 16:05:31 PDT 2018,,,,55,0% (0/0),0% (0/0),0% (0/0),Male,33,"Don't want to undress in front of female, males historically have had more experience in medical profession. They may know more.",1-5,Male,,
3T2HW4QDUVTNFF296JWST80YUBRC9J,3QWFS36IISTTN0083DH0OZDXWA7QBB,Answer a 5 question survey about your opinions on preferred physician qualities,Answer a short survey about your opinions on preferred physician qualities,"survey, demographics",$0.50,Fri Aug 03 16:04:24 PDT 2018,100,BatchId:3328149;OriginalHitTemplateId:920937332;,1800,259200,Sat Aug 04 16:04:24 PDT 2018,,,3TGOYF991Y8J8L55GNHL8U43ZYHUUA,A1Y9VA9FKJLS5K,Submitted,Fri Aug 03 16:04:49 PDT 2018,Fri Aug 03 16:05:38 PDT 2018,Mon Aug 06 16:05:38 PDT 2018,,,,49,0% (0/0),0% (0/0),0% (0/0),Female,31,I think another male would understand my health issues more than a woman.,1-5,Male,,
3T2HW4QDUVTNFF296JWST80YUBRC9J,3QWFS36IISTTN0083DH0OZDXWA7QBB,Answer a 5 question survey about your opinions on preferred physician qualities,Answer a short survey about your opinions on preferred physician qualities,"survey, demographics",$0.50,Fri Aug 03 16:04:24 PDT 2018,100,BatchId:3328149;OriginalHitTemplateId:920937332;,1800,259200,Sat Aug 04 16:04:24 PDT 2018,,,3TOK3KHVJU4MX59C7TC1ZWYU91W7O8,A1QXYROUID6JGZ,Submitted,Fri Aug 03 16:04:48 PDT 2018,Fri Aug 03 16:05:38 PDT 2018,Mon Aug 06 16:05:38 PDT 2018,,,,50,0% (0/0),0% (0/0),0% (0/0),Either,29,I'm fine with either. There are more important qualifications such as good bedside manner and good communication skills. I have had both female and male doctors and I feel comfortable with either.,11 or more,Male,,
3T2HW4QDUVTNFF296JWST80YUBRC9J,3QWFS36IISTTN0083DH0OZDXWA7QBB,Answer a 5 question survey about your opinions on preferred physician qualities,Answer a short survey about your opinions on preferred physician qualities,"survey, demographics",$0.50,Fri Aug 03 16:04:24 PDT 2018,100,BatchId:3328149;OriginalHitTemplateId:920937332;,1800,259200,Sat Aug 04 16:04:24 PDT 2018,,,31EUONYN2WPO8VA8PRFH5AEXVJ2VON,A14XECI3XLI39H,Submitted,Fri Aug 03 16:04:56 PDT 2018,Fri Aug 03 16:05:41 PDT 2018,Mon Aug 06 16:05:41 PDT 2018,,,,45,0% (0/0),0% (0/0),0% (0/0),Male,29,"I am more comfortable in a male because being a male, I believe that men can relate to the problems that I would go through instead of woman and know more about it.",1-5,Male,,
3T2HW4QDUVTNFF296JWST80YUBRC9J,3QWFS36IISTTN0083DH0OZDXWA7QBB,Answer a 5 question survey about your opinions on preferred physician qualities,Answer a short survey about your opinions on preferred physician qualities,"survey, demographics",$0.50,Fri Aug 03 16:04:24 PDT 2018,100,BatchId:3328149;OriginalHitTemplateId:920937332;,1800,259200,Sat Aug 04 16:04:24 PDT 2018,,,3WJ1OXY92B21VFKU7FZPC1AKV4Y8AX,A38S1M9I6HIBJG,Submitted,Fri Aug 03 16:04:53 PDT 2018,Fri Aug 03 16:05:41 PDT 2018,Mon Aug 06 16:05:41 PDT 2018,,,,48,0% (0/0),0% (0/0),0% (0/0),Male,43,Since I am also male I prefer to discuss sensitive issues with a male.,1-5,Male,,
3T2HW4QDUVTNFF296JWST80YUBRC9J,3QWFS36IISTTN0083DH0OZDXWA7QBB,Answer a 5 question survey about your opinions on preferred physician qualities,Answer a short survey about your opinions on preferred physician qualities,"survey, demographics",$0.50,Fri Aug 03 16:04:24 PDT 2018,100,BatchId:3328149;OriginalHitTemplateId:920937332;,1800,259200,Sat Aug 04 16:04:24 PDT 2018,,,3EICBYG645IE8BDBIXS77M9MBIDCJN,A1GRPIBHW72HDU,Submitted,Fri Aug 03 16:04:40 PDT 2018,Fri Aug 03 16:05:48 PDT 2018,Mon Aug 06 16:05:48 PDT 2018,,,,68,0% (0/0),0% (0/0),0% (0/0),Male,29,I prefer to have a doctor that is the same gender as me because I feel like they can relate and understand my body better. I also would feel more comfortable discussing certain topics with a doctor of the same gender as me.,6-10,Male,,
3T2HW4QDUVTNFF296JWST80YUBRC9J,3QWFS36IISTTN0083DH0OZDXWA7QBB,Answer a 5 question survey about your opinions on preferred physician qualities,Answer a short survey about your opinions on preferred physician qualities,"survey, demographics",$0.50,Fri Aug 03 16:04:24 PDT 2018,100,BatchId:3328149;OriginalHitTemplateId:920937332;,1800,259200,Sat Aug 04 16:04:24 PDT 2018,,,3R8YZBNQ9I4PIHMSM645O1TUO2DQ7Y,A2ZQCHONMAJZF,Submitted,Fri Aug 03 16:04:39 PDT 2018,Fri Aug 03 16:05:51 PDT 2018,Mon Aug 06 16:05:51 PDT 2018,,,,72,0% (0/0),0% (0/0),0% (0/0),Either,33,"So long ass they are a competant physician and they're able to provide the care I want, I'm fine with either Female or Male primary care physician.",11 or more,Female,,
3T2HW4QDUVTNFF296JWST80YUBRC9J,3QWFS36IISTTN0083DH0OZDXWA7QBB,Answer a 5 question survey about your opinions on preferred physician qualities,Answer a short survey about your opinions on preferred physician qualities,"survey, demographics",$0.50,Fri Aug 03 16:04:24 PDT 2018,100,BatchId:3328149;OriginalHitTemplateId:920937332;,1800,259200,Sat Aug 04 16:04:24 PDT 2018,,,3SBEHTYCWOPVG3UAW7PWSCM51R6IYP,A35P2RX8HKZM96,Submitted,Fri Aug 03 16:05:07 PDT 2018,Fri Aug 03 16:05:54 PDT 2018,Mon Aug 06 16:05:54 PDT 2018,,,,47,0% (0/0),0% (0/0),0% (0/0),Either,34,"I don't mind if it's primary care. If it's a gynecologist, I prefer female.",1-5,Female,,
3T2HW4QDUVTNFF296JWST80YUBRC9J,3QWFS36IISTTN0083DH0OZDXWA7QBB,Answer a 5 question survey about your opinions on preferred physician qualities,Answer a short survey about your opinions on preferred physician qualities,"survey, demographics",$0.50,Fri Aug 03 16:04:24 PDT 2018,100,BatchId:3328149;OriginalHitTemplateId:920937332;,1800,259200,Sat Aug 04 16:04:24 PDT 2018,,,3K2755HG5TP881XTZ3WXCUZC3B8FDN,A9ZCY6FLUCIU1,Submitted,Fri Aug 03 16:04:43 PDT 2018,Fri Aug 03 16:05:58 PDT 2018,Mon Aug 06 16:05:58 PDT 2018,,,,75,100% (1/1),100% (1/1),0% (0/0),Female,45,more comfortable with women practitioners in general..haven't been able to relate to men as doctors,11 or more,Female,,
3T2HW4QDUVTNFF296JWST80YUBRC9J,3QWFS36IISTTN0083DH0OZDXWA7QBB,Answer a 5 question survey about your opinions on preferred physician qualities,Answer a short survey about your opinions on preferred physician qualities,"survey, demographics",$0.50,Fri Aug 03 16:04:24 PDT 2018,100,BatchId:3328149;OriginalHitTemplateId:920937332;,1800,259200,Sat Aug 04 16:04:24 PDT 2018,,,3AUQQEL7U6F35EIPN6D6F9IFXGN0V3,A1940HXCOGYQ33,Submitted,Fri Aug 03 16:04:56 PDT 2018,Fri Aug 03 16:06:05 PDT 2018,Mon Aug 06 16:06:05 PDT 2018,,,,69,0% (0/0),0% (0/0),0% (0/0),Either,29,When I was younger I felt more comfortable with a male physician but as I got older it really does't matter anymore,6-10,Male,,
3T2HW4QDUVTNFF296JWST80YUBRC9J,3QWFS36IISTTN0083DH0OZDXWA7QBB,Answer a 5 question survey about your opinions on preferred physician qualities,Answer a short survey about your opinions on preferred physician qualities,"survey, demographics",$0.50,Fri Aug 03 16:04:24 PDT 2018,100,BatchId:3328149;OriginalHitTemplateId:920937332;,1800,259200,Sat Aug 04 16:04:24 PDT 2018,,,382M9COHEI12JP8JQN2G4CI0DAOUEU,A83DI5Q5K6F1F,Submitted,Fri Aug 03 16:05:35 PDT 2018,Fri Aug 03 16:06:07 PDT 2018,Mon Aug 06 16:06:07 PDT 2018,,,,32,0% (0/0),0% (0/0),0% (0/0),Either,32,As long as they are kind and professional gender does not matter,6-10,Female,,
3T2HW4QDUVTNFF296JWST80YUBRC9J,3QWFS36IISTTN0083DH0OZDXWA7QBB,Answer a 5 question survey about your opinions on preferred physician qualities,Answer a short survey about your opinions on preferred physician qualities,"survey, demographics",$0.50,Fri Aug 03 16:04:24 PDT 2018,100,BatchId:3328149;OriginalHitTemplateId:920937332;,1800,259200,Sat Aug 04 16:04:24 PDT 2018,,,3RKNTXVS3NK0CEXSVC9CVPUFTI24AM,AKG7VBOY97HKA,Submitted,Fri Aug 03 16:04:39 PDT 2018,Fri Aug 03 16:06:07 PDT 2018,Mon Aug 06 16:06:07 PDT 2018,,,,88,0% (0/0),0% (0/0),0% (0/0),Either,71,It doesn't matter for a primary doctor.,1-5,Female,,
3T2HW4QDUVTNFF296JWST80YUBRC9J,3QWFS36IISTTN0083DH0OZDXWA7QBB,Answer a 5 question survey about your opinions on preferred physician qualities,Answer a short survey about your opinions on preferred physician qualities,"survey, demographics",$0.50,Fri Aug 03 16:04:24 PDT 2018,100,BatchId:3328149;OriginalHitTemplateId:920937332;,1800,259200,Sat Aug 04 16:04:24 PDT 2018,,,31IBVUNM9TLU2IXFQOWRIG5J3ICFVM,A2BF3A9KYSEFPO,Submitted,Fri Aug 03 16:04:48 PDT 2018,Fri Aug 03 16:06:09 PDT 2018,Mon Aug 06 16:06:09 PDT 2018,,,,81,100% (1/1),100% (1/1),0% (0/0),Either,39,"when it comes to my health, it does not matter the gender of my healthcare provider.  I only care the quality that I receive from my provider",6-10,Male,,
3T2HW4QDUVTNFF296JWST80YUBRC9J,3QWFS36IISTTN0083DH0OZDXWA7QBB,Answer a 5 question survey about your opinions on preferred physician qualities,Answer a short survey about your opinions on preferred physician qualities,"survey, demographics",$0.50,Fri Aug 03 16:04:24 PDT 2018,100,BatchId:3328149;OriginalHitTemplateId:920937332;,1800,259200,Sat Aug 04 16:04:24 PDT 2018,,,33CKWXB73K6NQRN9CBXHMQU9D4M11I,A3RS7UCO7CQ74R,Submitted,Fri Aug 03 16:04:58 PDT 2018,Fri Aug 03 16:06:15 PDT 2018,Mon Aug 06 16:06:15 PDT 2018,,,,77,0% (0/0),0% (0/0),0% (0/0),Either,30,The gender does not affect the job they do,1-5,Male,,
3T2HW4QDUVTNFF296JWST80YUBRC9J,3QWFS36IISTTN0083DH0OZDXWA7QBB,Answer a 5 question survey about your opinions on preferred physician qualities,Answer a short survey about your opinions on preferred physician qualities,"survey, demographics",$0.50,Fri Aug 03 16:04:24 PDT 2018,100,BatchId:3328149;OriginalHitTemplateId:920937332;,1800,259200,Sat Aug 04 16:04:24 PDT 2018,,,3CCZ6YKWR8543ERNHBEM4MP9NWF59D,AKWIRTRUXO6R5,Submitted,Fri Aug 03 16:04:50 PDT 2018,Fri Aug 03 16:06:17 PDT 2018,Mon Aug 06 16:06:17 PDT 2018,,,,87,0% (0/0),0% (0/0),0% (0/0),Female,43,I prefer to have a female doctor because I believe they check their egos  at the door when they walk into the office.,1-5,Male,,
3T2HW4QDUVTNFF296JWST80YUBRC9J,3QWFS36IISTTN0083DH0OZDXWA7QBB,Answer a 5 question survey about your opinions on preferred physician qualities,Answer a short survey about your opinions on preferred physician qualities,"survey, demographics",$0.50,Fri Aug 03 16:04:24 PDT 2018,100,BatchId:3328149;OriginalHitTemplateId:920937332;,1800,259200,Sat Aug 04 16:04:24 PDT 2018,,,3MYYFCXHJ4T1M5AVHC1MRB5IRDF4GY,A2YKYAZYVWOXBO,Submitted,Fri Aug 03 16:04:42 PDT 2018,Fri Aug 03 16:06:20 PDT 2018,Mon Aug 06 16:06:20 PDT 2018,,,,98,100% (1/1),100% (1/1),0% (0/0),Either,41,i really need competence most of all.i can be comfortable with either as long as feel like i am in good hands and they know very well what they are doing.,11 or more,Male,,
3T2HW4QDUVTNFF296JWST80YUBRC9J,3QWFS36IISTTN0083DH0OZDXWA7QBB,Answer a 5 question survey about your opinions on preferred physician qualities,Answer a short survey about your opinions on preferred physician qualities,"survey, demographics",$0.50,Fri Aug 03 16:04:24 PDT 2018,100,BatchId:3328149;OriginalHitTemplateId:920937332;,1800,259200,Sat Aug 04 16:04:24 PDT 2018,,,3Z9WI9EOZ0A003U9MA6KJS6F3ZIKH3,AZEI1634OQBB3,Submitted,Fri Aug 03 16:05:24 PDT 2018,Fri Aug 03 16:06:21 PDT 2018,Mon Aug 06 16:06:21 PDT 2018,,,,57,0% (0/0),0% (0/0),0% (0/0),Female,29,I feel like a female physician would be a better listener and might be better able to understand my symptoms due to personal experience.,6-10,Female,,
3T2HW4QDUVTNFF296JWST80YUBRC9J,3QWFS36IISTTN0083DH0OZDXWA7QBB,Answer a 5 question survey about your opinions on preferred physician qualities,Answer a short survey about your opinions on preferred physician qualities,"survey, demographics",$0.50,Fri Aug 03 16:04:24 PDT 2018,100,BatchId:3328149;OriginalHitTemplateId:920937332;,1800,259200,Sat Aug 04 16:04:24 PDT 2018,,,3WJEQKOXA9OJKF098UQAXRNCHYS1A6,AOBTFLJU2BEPR,Submitted,Fri Aug 03 16:05:01 PDT 2018,Fri Aug 03 16:06:29 PDT 2018,Mon Aug 06 16:06:29 PDT 2018,,,,88,0% (0/0),0% (0/0),0% (0/0),Either,34,I've had equally good and bad doctors of each gender.,6-10,Female,,
3T2HW4QDUVTNFF296JWST80YUBRC9J,3QWFS36IISTTN0083DH0OZDXWA7QBB,Answer a 5 question survey about your opinions on preferred physician qualities,Answer a short survey about your opinions on preferred physician qualities,"survey, demographics",$0.50,Fri Aug 03 16:04:24 PDT 2018,100,BatchId:3328149;OriginalHitTemplateId:920937332;,1800,259200,Sat Aug 04 16:04:24 PDT 2018,,,3G2UL9A02E0W8Z387XQ7IWC3O1267I,AURYD2FH3FUOQ,Submitted,Fri Aug 03 16:05:05 PDT 2018,Fri Aug 03 16:06:32 PDT 2018,Mon Aug 06 16:06:32 PDT 2018,,,,87,0% (0/0),0% (0/0),0% (0/0),Either,56,"I don't have a primary care physician, and I can see no reason to have one unless I wanted insurance and was forced to have one. I'd just want one that was intelligent and thought outside of their programmed education.",1-5,Female,,
3T2HW4QDUVTNFF296JWST80YUBRC9J,3QWFS36IISTTN0083DH0OZDXWA7QBB,Answer a 5 question survey about your opinions on preferred physician qualities,Answer a short survey about your opinions on preferred physician qualities,"survey, demographics",$0.50,Fri Aug 03 16:04:24 PDT 2018,100,BatchId:3328149;OriginalHitTemplateId:920937332;,1800,259200,Sat Aug 04 16:04:24 PDT 2018,,,3CN4LGXD5YA18WVVBINSYBCMW94Y4P,A3GM8A9J1OB15W,Submitted,Fri Aug 03 16:04:47 PDT 2018,Fri Aug 03 16:06:32 PDT 2018,Mon Aug 06 16:06:32 PDT 2018,,,,105,0% (0/0),0% (0/0),0% (0/0),Female,30,I feel more comfortable because women are more patient at the time of attending and examining and more delicate,1-5,Male,,
3T2HW4QDUVTNFF296JWST80YUBRC9J,3QWFS36IISTTN0083DH0OZDXWA7QBB,Answer a 5 question survey about your opinions on preferred physician qualities,Answer a short survey about your opinions on preferred physician qualities,"survey, demographics",$0.50,Fri Aug 03 16:04:24 PDT 2018,100,BatchId:3328149;OriginalHitTemplateId:920937332;,1800,259200,Sat Aug 04 16:04:24 PDT 2018,,,3G2UL9A02E0W8Z387XQ7IWC3O1276J,A3CX8QU3BPJST2,Submitted,Fri Aug 03 16:04:41 PDT 2018,Fri Aug 03 16:06:33 PDT 2018,Mon Aug 06 16:06:33 PDT 2018,,,,112,0% (0/0),0% (0/0),0% (0/0),Male,28,i proud to be an a male as my primary care physician,1-5,Male,,
3T2HW4QDUVTNFF296JWST80YUBRC9J,3QWFS36IISTTN0083DH0OZDXWA7QBB,Answer a 5 question survey about your opinions on preferred physician qualities,Answer a short survey about your opinions on preferred physician qualities,"survey, demographics",$0.50,Fri Aug 03 16:04:24 PDT 2018,100,BatchId:3328149;OriginalHitTemplateId:920937332;,1800,259200,Sat Aug 04 16:04:24 PDT 2018,,,3DH6GAKTYZBHBTJKWBDIS7PVX47ZY2,A3HYLVFUDKJFKC,Submitted,Fri Aug 03 16:04:42 PDT 2018,Fri Aug 03 16:06:33 PDT 2018,Mon Aug 06 16:06:33 PDT 2018,,,,111,0% (0/0),0% (0/0),0% (0/0),Male,68,sINCE i am a male I find it easier to talk to a male about several different topics and the males are just what i thik are more apt to make the right decisions,1-5,Male,,
3T2HW4QDUVTNFF296JWST80YUBRC9J,3QWFS36IISTTN0083DH0OZDXWA7QBB,Answer a 5 question survey about your opinions on preferred physician qualities,Answer a short survey about your opinions on preferred physician qualities,"survey, demographics",$0.50,Fri Aug 03 16:04:24 PDT 2018,100,BatchId:3328149;OriginalHitTemplateId:920937332;,1800,259200,Sat Aug 04 16:04:24 PDT 2018,,,369J354OFEWF1SE900U1O9PWN4LG6V,A34LSCB90T5KYE,Submitted,Fri Aug 03 16:04:52 PDT 2018,Fri Aug 03 16:06:34 PDT 2018,Mon Aug 06 16:06:34 PDT 2018,,,,102,0% (0/0),0% (0/0),0% (0/0),Female,45,I am more comfortable with a female physician because I feel they will not take advantage of me like a male physician might. If I had a male physician I would be self conscious that they would be judging my body.,6-10,Female,,
3T2HW4QDUVTNFF296JWST80YUBRC9J,3QWFS36IISTTN0083DH0OZDXWA7QBB,Answer a 5 question survey about your opinions on preferred physician qualities,Answer a short survey about your opinions on preferred physician qualities,"survey, demographics",$0.50,Fri Aug 03 16:04:24 PDT 2018,100,BatchId:3328149;OriginalHitTemplateId:920937332;,1800,259200,Sat Aug 04 16:04:24 PDT 2018,,,3K4J6M3CXFFGOUQCQDBD4ERIJNCGAM,A2L0XRNU4SG8UA,Submitted,Fri Aug 03 16:06:01 PDT 2018,Fri Aug 03 16:06:35 PDT 2018,Mon Aug 06 16:06:35 PDT 2018,,,,34,0% (0/0),0% (0/0),0% (0/0),Male,42,"As a man, I feel more comofrtable with a male physician for any potentially private and embarassing things.",1-5,Male,,
3T2HW4QDUVTNFF296JWST80YUBRC9J,3QWFS36IISTTN0083DH0OZDXWA7QBB,Answer a 5 question survey about your opinions on preferred physician qualities,Answer a short survey about your opinions on preferred physician qualities,"survey, demographics",$0.50,Fri Aug 03 16:04:24 PDT 2018,100,BatchId:3328149;OriginalHitTemplateId:920937332;,1800,259200,Sat Aug 04 16:04:24 PDT 2018,,,39JEC7537VNNZ6D5ZM6QAAKG65KCV8,A3RFHN13MRS8LA,Submitted,Fri Aug 03 16:04:47 PDT 2018,Fri Aug 03 16:06:36 PDT 2018,Mon Aug 06 16:06:36 PDT 2018,,,,109,0% (0/0),0% (0/0),0% (0/0),Female,31,because i feel a female doctor knows and understands more on what i go threw,1-5,Female,,
3T2HW4QDUVTNFF296JWST80YUBRC9J,3QWFS36IISTTN0083DH0OZDXWA7QBB,Answer a 5 question survey about your opinions on preferred physician qualities,Answer a short survey about your opinions on preferred physician qualities,"survey, demographics",$0.50,Fri Aug 03 16:04:24 PDT 2018,100,BatchId:3328149;OriginalHitTemplateId:920937332;,1800,259200,Sat Aug 04 16:04:24 PDT 2018,,,3HPZF4IVNNF4308A4XTAH9OAOMMCYH,A1MYDAL453CN5Q,Submitted,Fri Aug 03 16:04:50 PDT 2018,Fri Aug 03 16:06:36 PDT 2018,Mon Aug 06 16:06:36 PDT 2018,,,,106,0% (0/0),0% (0/0),0% (0/0),Either,23,"it doesn't really matter to me much, as long as the doctor is competent and really good at their job.",1-5,Male,,
3T2HW4QDUVTNFF296JWST80YUBRC9J,3QWFS36IISTTN0083DH0OZDXWA7QBB,Answer a 5 question survey about your opinions on preferred physician qualities,Answer a short survey about your opinions on preferred physician qualities,"survey, demographics",$0.50,Fri Aug 03 16:04:24 PDT 2018,100,BatchId:3328149;OriginalHitTemplateId:920937332;,1800,259200,Sat Aug 04 16:04:24 PDT 2018,,,3NC5L260MP8ZCYOIPCADNOBB7PFFOK,A28JANGJRFGGAZ,Submitted,Fri Aug 03 16:04:49 PDT 2018,Fri Aug 03 16:06:41 PDT 2018,Mon Aug 06 16:06:41 PDT 2018,,,,112,0% (0/0),0% (0/0),0% (0/0),Either,39,Doctors are doctors. I feel like I want a doctor who is compassiaonate and thorough more than a man or a woman.,1-5,Male,,
3T2HW4QDUVTNFF296JWST80YUBRC9J,3QWFS36IISTTN0083DH0OZDXWA7QBB,Answer a 5 question survey about your opinions on preferred physician qualities,Answer a short survey about your opinions on preferred physician qualities,"survey, demographics",$0.50,Fri Aug 03 16:04:24 PDT 2018,100,BatchId:3328149;OriginalHitTemplateId:920937332;,1800,259200,Sat Aug 04 16:04:24 PDT 2018,,,3TK8OJTYM276TVM94RSWUAJN5OZVP5,A2JCHN90PRUWDH,Submitted,Fri Aug 03 16:05:41 PDT 2018,Fri Aug 03 16:06:43 PDT 2018,Mon Aug 06 16:06:43 PDT 2018,,,,62,0% (0/0),0% (0/0),0% (0/0),Either,24,I don't care,1-5,Male,,
3T2HW4QDUVTNFF296JWST80YUBRC9J,3QWFS36IISTTN0083DH0OZDXWA7QBB,Answer a 5 question survey about your opinions on preferred physician qualities,Answer a short survey about your opinions on preferred physician qualities,"survey, demographics",$0.50,Fri Aug 03 16:04:24 PDT 2018,100,BatchId:3328149;OriginalHitTemplateId:920937332;,1800,259200,Sat Aug 04 16:04:24 PDT 2018,,,3EWIJTFFVPTM33W3SGOWF5UTXLKE0B,A2Y1ORULU9ITOH,Submitted,Fri Aug 03 16:05:25 PDT 2018,Fri Aug 03 16:06:41 PDT 2018,Mon Aug 06 16:06:41 PDT 2018,,,,76,0% (0/0),0% (0/0),0% (0/0),Female,48,"I'm more comfortable with a female as my primary care physician because I am female and I feel that a female will better understand my experiences, be less dismissive, listen better, and have a more patient-friendly bedside manner",11 or more,Female,,
3T2HW4QDUVTNFF296JWST80YUBRC9J,3QWFS36IISTTN0083DH0OZDXWA7QBB,Answer a 5 question survey about your opinions on preferred physician qualities,Answer a short survey about your opinions on preferred physician qualities,"survey, demographics",$0.50,Fri Aug 03 16:04:24 PDT 2018,100,BatchId:3328149;OriginalHitTemplateId:920937332;,1800,259200,Sat Aug 04 16:04:24 PDT 2018,,,3NPI0JQDAPRRG3IKZWSHTSV283JTPN,AEQ1FIT3SYXWZ,Submitted,Fri Aug 03 16:05:23 PDT 2018,Fri Aug 03 16:06:45 PDT 2018,Mon Aug 06 16:06:45 PDT 2018,,,,82,0% (0/0),0% (0/0),0% (0/0),Either,27,"I have had both male and female physicians. Neither one has bothered me. As long as they get the job done and know what they are talking about, then I am fine with it.",1-5,Male,,
3T2HW4QDUVTNFF296JWST80YUBRC9J,3QWFS36IISTTN0083DH0OZDXWA7QBB,Answer a 5 question survey about your opinions on preferred physician qualities,Answer a short survey about your opinions on preferred physician qualities,"survey, demographics",$0.50,Fri Aug 03 16:04:24 PDT 2018,100,BatchId:3328149;OriginalHitTemplateId:920937332;,1800,259200,Sat Aug 04 16:04:24 PDT 2018,,,3WJ1OXY92B21VFKU7FZPC1AKV4YA8Z,A30RVI7MB1I1NA,Submitted,Fri Aug 03 16:04:47 PDT 2018,Fri Aug 03 16:06:45 PDT 2018,Mon Aug 06 16:06:45 PDT 2018,,,,118,0% (0/0),0% (0/0),0% (0/0),Male,25,good because that's my sex and I feel good with the,1-5,Male,,
3T2HW4QDUVTNFF296JWST80YUBRC9J,3QWFS36IISTTN0083DH0OZDXWA7QBB,Answer a 5 question survey about your opinions on preferred physician qualities,Answer a short survey about your opinions on preferred physician qualities,"survey, demographics",$0.50,Fri Aug 03 16:04:24 PDT 2018,100,BatchId:3328149;OriginalHitTemplateId:920937332;,1800,259200,Sat Aug 04 16:04:24 PDT 2018,,,3UJ1CZ6IZIBM8TNMQHEDLHUZFK4S5B,A229SEF35EGTSF,Submitted,Fri Aug 03 16:05:32 PDT 2018,Fri Aug 03 16:06:49 PDT 2018,Mon Aug 06 16:06:49 PDT 2018,,,,77,0% (0/0),0% (0/0),0% (0/0),Male,46,I am male. I have a penis. He has a penis. I would feel comfortable with another person who has a penis looking at my penis.,6-10,Male,,
3T2HW4QDUVTNFF296JWST80YUBRC9J,3QWFS36IISTTN0083DH0OZDXWA7QBB,Answer a 5 question survey about your opinions on preferred physician qualities,Answer a short survey about your opinions on preferred physician qualities,"survey, demographics",$0.50,Fri Aug 03 16:04:24 PDT 2018,100,BatchId:3328149;OriginalHitTemplateId:920937332;,1800,259200,Sat Aug 04 16:04:24 PDT 2018,,,3TS1AR6UQR0SRSWJ8QTBC2PGH057FM,A1BPBUD67XIJXM,Submitted,Fri Aug 03 16:04:46 PDT 2018,Fri Aug 03 16:06:55 PDT 2018,Mon Aug 06 16:06:55 PDT 2018,,,,129,100% (1/1),100% (1/1),0% (0/0),Female,29,I feel more comfortable being with another woman. I would think most woman do. They know the female body better cause they are female. Ive had both as doctors and would strongly choose my female doctor,1-5,Female,,
3T2HW4QDUVTNFF296JWST80YUBRC9J,3QWFS36IISTTN0083DH0OZDXWA7QBB,Answer a 5 question survey about your opinions on preferred physician qualities,Answer a short survey about your opinions on preferred physician qualities,"survey, demographics",$0.50,Fri Aug 03 16:04:24 PDT 2018,100,BatchId:3328149;OriginalHitTemplateId:920937332;,1800,259200,Sat Aug 04 16:04:24 PDT 2018,,,3YMTUJH0DT25RAW11C0TQUK7H7O4T8,A271V19C06841K,Submitted,Fri Aug 03 16:05:44 PDT 2018,Fri Aug 03 16:06:57 PDT 2018,Mon Aug 06 16:06:57 PDT 2018,,,,73,0% (0/0),0% (0/0),0% (0/0),Female,32,I think women are more gentle and understanding.,6-10,Male,,
3T2HW4QDUVTNFF296JWST80YUBRC9J,3QWFS36IISTTN0083DH0OZDXWA7QBB,Answer a 5 question survey about your opinions on preferred physician qualities,Answer a short survey about your opinions on preferred physician qualities,"survey, demographics",$0.50,Fri Aug 03 16:04:24 PDT 2018,100,BatchId:3328149;OriginalHitTemplateId:920937332;,1800,259200,Sat Aug 04 16:04:24 PDT 2018,,,3PZDLQMM0U7E2FF3BCMF85N597SC21,A1QOVQ6074R9Y8,Submitted,Fri Aug 03 16:06:17 PDT 2018,Fri Aug 03 16:06:57 PDT 2018,Mon Aug 06 16:06:57 PDT 2018,,,,40,0% (0/0),0% (0/0),0% (0/0),Female,28,I think that a female physician would be more relatable and would understand more female-specific complaints and questions. I'd just feel more comfortable.,1-5,Female,,
3T2HW4QDUVTNFF296JWST80YUBRC9J,3QWFS36IISTTN0083DH0OZDXWA7QBB,Answer a 5 question survey about your opinions on preferred physician qualities,Answer a short survey about your opinions on preferred physician qualities,"survey, demographics",$0.50,Fri Aug 03 16:04:24 PDT 2018,100,BatchId:3328149;OriginalHitTemplateId:920937332;,1800,259200,Sat Aug 04 16:04:24 PDT 2018,,,3E1QT0TDFQVG1X3SJ3R2TZY38C3I8B,AD88B3HEDVS19,Submitted,Fri Aug 03 16:05:02 PDT 2018,Fri Aug 03 16:07:03 PDT 2018,Mon Aug 06 16:07:03 PDT 2018,,,,121,0% (0/0),0% (0/0),0% (0/0),Female,52,females are more understanding and they listen better!!! They are also more caring then man. I also feel more comfortable talking to female doctors about female related problems.,11 or more,Female,,
3T2HW4QDUVTNFF296JWST80YUBRC9J,3QWFS36IISTTN0083DH0OZDXWA7QBB,Answer a 5 question survey about your opinions on preferred physician qualities,Answer a short survey about your opinions on preferred physician qualities,"survey, demographics",$0.50,Fri Aug 03 16:04:24 PDT 2018,100,BatchId:3328149;OriginalHitTemplateId:920937332;,1800,259200,Sat Aug 04 16:04:24 PDT 2018,,,3V26SBZTBE0HGJTPSXF16EYX3YCZZU,A5HLHA3EEQPVV,Submitted,Fri Aug 03 16:05:43 PDT 2018,Fri Aug 03 16:07:07 PDT 2018,Mon Aug 06 16:07:07 PDT 2018,,,,84,0% (0/0),0% (0/0),0% (0/0),Female,21,"In my personal opinion, I feel that women are more likely to want to help because women are much more gentle than men. Not to say that male physicians are bad; just saying I would prefer a woman.",6-10,Male,,
3T2HW4QDUVTNFF296JWST80YUBRC9J,3QWFS36IISTTN0083DH0OZDXWA7QBB,Answer a 5 question survey about your opinions on preferred physician qualities,Answer a short survey about your opinions on preferred physician qualities,"survey, demographics",$0.50,Fri Aug 03 16:04:24 PDT 2018,100,BatchId:3328149;OriginalHitTemplateId:920937332;,1800,259200,Sat Aug 04 16:04:24 PDT 2018,,,3IXQG4FA2UK6SU8WIL5Z78P1XS19BI,A1VLRMNX5OSDNJ,Submitted,Fri Aug 03 16:06:10 PDT 2018,Fri Aug 03 16:07:08 PDT 2018,Mon Aug 06 16:07:08 PDT 2018,,,,58,0% (0/0),0% (0/0),0% (0/0),Female,30,I just feel more at ease with another woman examining me.,1-5,Female,,
3T2HW4QDUVTNFF296JWST80YUBRC9J,3QWFS36IISTTN0083DH0OZDXWA7QBB,Answer a 5 question survey about your opinions on preferred physician qualities,Answer a short survey about your opinions on preferred physician qualities,"survey, demographics",$0.50,Fri Aug 03 16:04:24 PDT 2018,100,BatchId:3328149;OriginalHitTemplateId:920937332;,1800,259200,Sat Aug 04 16:04:24 PDT 2018,,,3WI0P0II62E5BR22QYWRTJDV6ZKDRH,A20JYCPPHBT6S1,Submitted,Fri Aug 03 16:06:00 PDT 2018,Fri Aug 03 16:07:08 PDT 2018,Mon Aug 06 16:07:08 PDT 2018,,,,68,0% (0/0),0% (0/0),0% (0/0),Female,35,She would not mansplain and will less likely touch me inappropriately or make comments about me sexually,1-5,Female,,
3T2HW4QDUVTNFF296JWST80YUBRC9J,3QWFS36IISTTN0083DH0OZDXWA7QBB,Answer a 5 question survey about your opinions on preferred physician qualities,Answer a short survey about your opinions on preferred physician qualities,"survey, demographics",$0.50,Fri Aug 03 16:04:24 PDT 2018,100,BatchId:3328149;OriginalHitTemplateId:920937332;,1800,259200,Sat Aug 04 16:04:24 PDT 2018,,,3NL0RFNU0G96OR6E73M1P3XBYUW4K1,AOK9ZTWFLPLMH,Submitted,Fri Aug 03 16:04:40 PDT 2018,Fri Aug 03 16:07:09 PDT 2018,Mon Aug 06 16:07:09 PDT 2018,,,,149,0% (0/0),0% (0/0),0% (0/0),Either,29,it doesn't matter because am looking for the best in my location and if I stick to one gender I may not get that,1-5,Male,,
3T2HW4QDUVTNFF296JWST80YUBRC9J,3QWFS36IISTTN0083DH0OZDXWA7QBB,Answer a 5 question survey about your opinions on preferred physician qualities,Answer a short survey about your opinions on preferred physician qualities,"survey, demographics",$0.50,Fri Aug 03 16:04:24 PDT 2018,100,BatchId:3328149;OriginalHitTemplateId:920937332;,1800,259200,Sat Aug 04 16:04:24 PDT 2018,,,3HHRAGRYX9RQBOX5MQALDSP04RK9OM,A3QDBNW2H8EMFW,Submitted,Fri Aug 03 16:05:07 PDT 2018,Fri Aug 03 16:07:12 PDT 2018,Mon Aug 06 16:07:12 PDT 2018,,,,125,0% (0/0),0% (0/0),0% (0/0),Either,31,I don?t care the gender of my doctor. I just want to make sure that whoever it is is qualified to do the job well and that they actually care about my problems,1-5,Male,,
3T2HW4QDUVTNFF296JWST80YUBRC9J,3QWFS36IISTTN0083DH0OZDXWA7QBB,Answer a 5 question survey about your opinions on preferred physician qualities,Answer a short survey about your opinions on preferred physician qualities,"survey, demographics",$0.50,Fri Aug 03 16:04:24 PDT 2018,100,BatchId:3328149;OriginalHitTemplateId:920937332;,1800,259200,Sat Aug 04 16:04:24 PDT 2018,,,3SLE99ER0OZLYLQ9MJZYKWRUCVQBZ0,A1ATL3G98SFW4V,Submitted,Fri Aug 03 16:05:13 PDT 2018,Fri Aug 03 16:07:14 PDT 2018,Mon Aug 06 16:07:14 PDT 2018,,,,121,0% (0/0),0% (0/0),0% (0/0),Female,27,I feel creeped out when old men touch me. I do not know what their intentions are and sometimes I always think they might be pedophiles or have some kind of weird fetish. I have heard too many stories of male doctors doing crazy stuff,1-5,Female,,
3T2HW4QDUVTNFF296JWST80YUBRC9J,3QWFS36IISTTN0083DH0OZDXWA7QBB,Answer a 5 question survey about your opinions on preferred physician qualities,Answer a short survey about your opinions on preferred physician qualities,"survey, demographics",$0.50,Fri Aug 03 16:04:24 PDT 2018,100,BatchId:3328149;OriginalHitTemplateId:920937332;,1800,259200,Sat Aug 04 16:04:24 PDT 2018,,,3ZGVPD4G6U3LU7KQM5QJKQXGI2PTZ7,A1DABMXVWWL0TR,Submitted,Fri Aug 03 16:04:30 PDT 2018,Fri Aug 03 16:07:17 PDT 2018,Mon Aug 06 16:07:17 PDT 2018,,,,167,0% (0/0),0% (0/0),0% (0/0),Either,42,"I think it's just a personal preference. If the doctor, no matter the gender, takes their time and listens to me, I can be comfortable with either. I really care the most about whether or not they listen.",1-5,Female,,
3T2HW4QDUVTNFF296JWST80YUBRC9J,3QWFS36IISTTN0083DH0OZDXWA7QBB,Answer a 5 question survey about your opinions on preferred physician qualities,Answer a short survey about your opinions on preferred physician qualities,"survey, demographics",$0.50,Fri Aug 03 16:04:24 PDT 2018,100,BatchId:3328149;OriginalHitTemplateId:920937332;,1800,259200,Sat Aug 04 16:04:24 PDT 2018,,,369J354OFEWF1SE900U1O9PWN4M6GM,A19LVWX8ZLO6CS,Submitted,Fri Aug 03 16:05:59 PDT 2018,Fri Aug 03 16:07:22 PDT 2018,Mon Aug 06 16:07:22 PDT 2018,,,,83,100% (1/1),0% (0/0),0% (0/0),Male,36,I'm a male myself so I feel a male doctor would have a better understanding of a male body (internal and external) and I also feel that I could discuss more privately and not be ashamed of any medical/health conditions.,1-5,Male,,
3T2HW4QDUVTNFF296JWST80YUBRC9J,3QWFS36IISTTN0083DH0OZDXWA7QBB,Answer a 5 question survey about your opinions on preferred physician qualities,Answer a short survey about your opinions on preferred physician qualities,"survey, demographics",$0.50,Fri Aug 03 16:04:24 PDT 2018,100,BatchId:3328149;OriginalHitTemplateId:920937332;,1800,259200,Sat Aug 04 16:04:24 PDT 2018,,,3ZR9AIQJUCV4B1ZA3ACJ6JI2KWR40W,A1BBUKIM2P2C3D,Submitted,Fri Aug 03 16:06:13 PDT 2018,Fri Aug 03 16:07:35 PDT 2018,Mon Aug 06 16:07:35 PDT 2018,,,,82,0% (0/0),0% (0/0),0% (0/0),Male,25,"I?m afraid I won?t feel comfortable disclosing intimate details regarding sexual issues I may be having or other related issues to a female physician because even if I know we have a professional relationship, I may feel awkward discussing these things with a female physician.",1-5,Male,,
3T2HW4QDUVTNFF296JWST80YUBRC9J,3QWFS36IISTTN0083DH0OZDXWA7QBB,Answer a 5 question survey about your opinions on preferred physician qualities,Answer a short survey about your opinions on preferred physician qualities,"survey, demographics",$0.50,Fri Aug 03 16:04:24 PDT 2018,100,BatchId:3328149;OriginalHitTemplateId:920937332;,1800,259200,Sat Aug 04 16:04:24 PDT 2018,,,3DEL4X4EL77S6YJ5VTPXVM9KP4AYX5,A2ZPSPA0R8KSL8,Submitted,Fri Aug 03 16:05:23 PDT 2018,Fri Aug 03 16:07:46 PDT 2018,Mon Aug 06 16:07:46 PDT 2018,,,,143,0% (0/0),0% (0/0),0% (0/0),Female,40,"I have always preferred working with female physicians, so I suppose most of my comfort stems from simple familiarity. As a result, I continue looking for female doctors.",6-10,Male,,
3T2HW4QDUVTNFF296JWST80YUBRC9J,3QWFS36IISTTN0083DH0OZDXWA7QBB,Answer a 5 question survey about your opinions on preferred physician qualities,Answer a short survey about your opinions on preferred physician qualities,"survey, demographics",$0.50,Fri Aug 03 16:04:24 PDT 2018,100,BatchId:3328149;OriginalHitTemplateId:920937332;,1800,259200,Sat Aug 04 16:04:24 PDT 2018,,,3TUI152ZZC9B7V7QXQNWNR2HLGDQ11,A3I9743KVD971V,Submitted,Fri Aug 03 16:04:35 PDT 2018,Fri Aug 03 16:07:50 PDT 2018,Mon Aug 06 16:07:50 PDT 2018,,,,195,0% (0/0),0% (0/0),0% (0/0),Female,23,"Simply, I feel that majority of female physicians are much better at understanding and being empathetic. I feel like there is an unspoken connection of being  cared for, both ways. Usually with males they seem to only be doing it because it's their job. It's strictly off of past experiences.",6-10,Male,,
3T2HW4QDUVTNFF296JWST80YUBRC9J,3QWFS36IISTTN0083DH0OZDXWA7QBB,Answer a 5 question survey about your opinions on preferred physician qualities,Answer a short survey about your opinions on preferred physician qualities,"survey, demographics",$0.50,Fri Aug 03 16:04:24 PDT 2018,100,BatchId:3328149;OriginalHitTemplateId:920937332;,1800,259200,Sat Aug 04 16:04:24 PDT 2018,,,3HHRAGRYX9RQBOX5MQALDSP04RL9ON,AQN3RS63MEPQA,Submitted,Fri Aug 03 16:06:23 PDT 2018,Fri Aug 03 16:07:53 PDT 2018,Mon Aug 06 16:07:53 PDT 2018,,,,90,0% (0/0),0% (0/0),0% (0/0),Female,61,"i am a woman,a woman knows how the female body feels and works.",6-10,Female,,
3T2HW4QDUVTNFF296JWST80YUBRC9J,3QWFS36IISTTN0083DH0OZDXWA7QBB,Answer a 5 question survey about your opinions on preferred physician qualities,Answer a short survey about your opinions on preferred physician qualities,"survey, demographics",$0.50,Fri Aug 03 16:04:24 PDT 2018,100,BatchId:3328149;OriginalHitTemplateId:920937332;,1800,259200,Sat Aug 04 16:04:24 PDT 2018,,,3OUYGIZWR8KQ0ULT1U479HTXBSMP07,A21XFDXM5VHDZM,Submitted,Fri Aug 03 16:05:30 PDT 2018,Fri Aug 03 16:08:12 PDT 2018,Mon Aug 06 16:08:12 PDT 2018,,,,162,0% (0/0),0% (0/0),0% (0/0),Female,28,The female sex generates much more confidence due to its delicacy at the time of treating people and much more in nursing and doctors,11 or more,Male,,
3T2HW4QDUVTNFF296JWST80YUBRC9J,3QWFS36IISTTN0083DH0OZDXWA7QBB,Answer a 5 question survey about your opinions on preferred physician qualities,Answer a short survey about your opinions on preferred physician qualities,"survey, demographics",$0.50,Fri Aug 03 16:04:24 PDT 2018,100,BatchId:3328149;OriginalHitTemplateId:920937332;,1800,259200,Sat Aug 04 16:04:24 PDT 2018,,,3HL8HNGX46NW5BKCNNRVQYGMCQTF96,A18SXC3JEN1O0U,Submitted,Fri Aug 03 16:04:41 PDT 2018,Fri Aug 03 16:08:12 PDT 2018,Mon Aug 06 16:08:12 PDT 2018,,,,211,100% (1/1),100% (1/1),0% (0/0),Either,59,The gender of a physician has no bearing on my level of comfort. I'm just there to seek medical attention.,0,Male,,
3T2HW4QDUVTNFF296JWST80YUBRC9J,3QWFS36IISTTN0083DH0OZDXWA7QBB,Answer a 5 question survey about your opinions on preferred physician qualities,Answer a short survey about your opinions on preferred physician qualities,"survey, demographics",$0.50,Fri Aug 03 16:04:24 PDT 2018,100,BatchId:3328149;OriginalHitTemplateId:920937332;,1800,259200,Sat Aug 04 16:04:24 PDT 2018,,,39GAF6DQWSM3C337JPH6TE1P28SV10,A31898LQJO7I3,Submitted,Fri Aug 03 16:04:50 PDT 2018,Fri Aug 03 16:08:21 PDT 2018,Mon Aug 06 16:08:21 PDT 2018,,,,211,100% (1/1),0% (0/0),0% (0/0),Either,25,"As long as their professional and respectable to me, I don't care if it's a man or woman. I'm comfortable with my body when it comes to talking about it and having it checked up or taken care of by a doctor, of either gender.",6-10,Male,,
3T2HW4QDUVTNFF296JWST80YUBRC9J,3QWFS36IISTTN0083DH0OZDXWA7QBB,Answer a 5 question survey about your opinions on preferred physician qualities,Answer a short survey about your opinions on preferred physician qualities,"survey, demographics",$0.50,Fri Aug 03 16:04:24 PDT 2018,100,BatchId:3328149;OriginalHitTemplateId:920937332;,1800,259200,Sat Aug 04 16:04:24 PDT 2018,,,3VAR3R6G1QNQXJEVHY47DWUPKL3O8D,AEOLQOH7KKSSB,Submitted,Fri Aug 03 16:06:15 PDT 2018,Fri Aug 03 16:08:22 PDT 2018,Mon Aug 06 16:08:22 PDT 2018,,,,127,0% (0/0),0% (0/0),0% (0/0),Female,45,I can talk about private personal girl things easier with another woman. I think a woman would understand female problems better and sympathize with me better than a man.,1-5,Female,,
3T2HW4QDUVTNFF296JWST80YUBRC9J,3QWFS36IISTTN0083DH0OZDXWA7QBB,Answer a 5 question survey about your opinions on preferred physician qualities,Answer a short survey about your opinions on preferred physician qualities,"survey, demographics",$0.50,Fri Aug 03 16:04:24 PDT 2018,100,BatchId:3328149;OriginalHitTemplateId:920937332;,1800,259200,Sat Aug 04 16:04:24 PDT 2018,,,3VHP9MDGRO6Y39RFZ71MSOHUIBWFCN,A22KRF782ELLB0,Submitted,Fri Aug 03 16:04:46 PDT 2018,Fri Aug 03 16:08:23 PDT 2018,Mon Aug 06 16:08:23 PDT 2018,,,,217,100% (1/1),0% (0/0),0% (0/0),Either,36,"I think male and female doctors are both just as capable of handling the things I'd go to a doctor for. I've never had any problems with male or female doctors, really. As far as discomfort goes, I'd probably feel just as uncomfortable about certain things speaking with a male and female doctor, such as about mental health issues or maybe constipation. I've always felt men and women were on the same level when it comes to medicine.",11 or more,Male,,
3T2HW4QDUVTNFF296JWST80YUBRC9J,3QWFS36IISTTN0083DH0OZDXWA7QBB,Answer a 5 question survey about your opinions on preferred physician qualities,Answer a short survey about your opinions on preferred physician qualities,"survey, demographics",$0.50,Fri Aug 03 16:04:24 PDT 2018,100,BatchId:3328149;OriginalHitTemplateId:920937332;,1800,259200,Sat Aug 04 16:04:24 PDT 2018,,,3VW04L3ZLUS36TTVQX3VC82BNYGXXY,AASWAMYQ9PXMQ,Submitted,Fri Aug 03 16:05:46 PDT 2018,Fri Aug 03 16:08:34 PDT 2018,Mon Aug 06 16:08:34 PDT 2018,,,,168,0% (0/0),0% (0/0),0% (0/0),Female,45,"I am comfortable with a female because I feel like they understand my life situation better, and they can relate to my health issues better.",1-5,Female,,
3T2HW4QDUVTNFF296JWST80YUBRC9J,3QWFS36IISTTN0083DH0OZDXWA7QBB,Answer a 5 question survey about your opinions on preferred physician qualities,Answer a short survey about your opinions on preferred physician qualities,"survey, demographics",$0.50,Fri Aug 03 16:04:24 PDT 2018,100,BatchId:3328149;OriginalHitTemplateId:920937332;,1800,259200,Sat Aug 04 16:04:24 PDT 2018,,,3YJ6NA41JC2X20MFN2EDRM8TA1SJP8,A1XXSBOGKKW5QX,Submitted,Fri Aug 03 16:05:25 PDT 2018,Fri Aug 03 16:09:04 PDT 2018,Mon Aug 06 16:09:04 PDT 2018,,,,219,0% (0/0),0% (0/0),0% (0/0),Male,31,with a man I can talk with more confidence since we are of the same sex,1-5,Male,,
3T2HW4QDUVTNFF296JWST80YUBRC9J,3QWFS36IISTTN0083DH0OZDXWA7QBB,Answer a 5 question survey about your opinions on preferred physician qualities,Answer a short survey about your opinions on preferred physician qualities,"survey, demographics",$0.50,Fri Aug 03 16:04:24 PDT 2018,100,BatchId:3328149;OriginalHitTemplateId:920937332;,1800,259200,Sat Aug 04 16:04:24 PDT 2018,,,3ZAZR5XV02448QIF0JVTVGXCUGQZCV,ALOITKAESMD4,Submitted,Fri Aug 03 16:05:34 PDT 2018,Fri Aug 03 16:09:12 PDT 2018,Mon Aug 06 16:09:12 PDT 2018,,,,218,0% (0/0),0% (0/0),0% (0/0),Male,30,I feel more comfortable than a nurse,1-5,Female,,
3T2HW4QDUVTNFF296JWST80YUBRC9J,3QWFS36IISTTN0083DH0OZDXWA7QBB,Answer a 5 question survey about your opinions on preferred physician qualities,Answer a short survey about your opinions on preferred physician qualities,"survey, demographics",$0.50,Fri Aug 03 16:04:24 PDT 2018,100,BatchId:3328149;OriginalHitTemplateId:920937332;,1800,259200,Sat Aug 04 16:04:24 PDT 2018,,,3Z7EFSHGNA0F3VI0Z178YVH1MGRXCV,A1G69P73SBVUR4,Submitted,Fri Aug 03 16:04:36 PDT 2018,Fri Aug 03 16:09:16 PDT 2018,Mon Aug 06 16:09:16 PDT 2018,,,,280,0% (0/0),0% (0/0),0% (0/0),Female,35,"There is a perception that women are better listeners than men. Most patients want their doctors to listen to them, me included - so this is why I choose a female doctor as my primary care physician.",11 or more,Female,,
3T2HW4QDUVTNFF296JWST80YUBRC9J,3QWFS36IISTTN0083DH0OZDXWA7QBB,Answer a 5 question survey about your opinions on preferred physician qualities,Answer a short survey about your opinions on preferred physician qualities,"survey, demographics",$0.50,Fri Aug 03 16:04:24 PDT 2018,100,BatchId:3328149;OriginalHitTemplateId:920937332;,1800,259200,Sat Aug 04 16:04:24 PDT 2018,,,3OLF68YTNANAAUUHFT5VMTR6I8BAFG,A35NEL9WYU3VG8,Submitted,Fri Aug 03 16:04:49 PDT 2018,Fri Aug 03 16:09:19 PDT 2018,Mon Aug 06 16:09:19 PDT 2018,,,,270,0% (0/0),0% (0/0),0% (0/0),Either,34,"As long as I receive the appropriate care for whatever reason I'm being seen, gender makes no difference in my physician.",11 or more,Male,,
3T2HW4QDUVTNFF296JWST80YUBRC9J,3QWFS36IISTTN0083DH0OZDXWA7QBB,Answer a 5 question survey about your opinions on preferred physician qualities,Answer a short survey about your opinions on preferred physician qualities,"survey, demographics",$0.50,Fri Aug 03 16:04:24 PDT 2018,100,BatchId:3328149;OriginalHitTemplateId:920937332;,1800,259200,Sat Aug 04 16:04:24 PDT 2018,,,3PJ71Z61R5O5FWQ4GOCA1WCSBGB19S,A11CYLUNFIL8C5,Submitted,Fri Aug 03 16:06:10 PDT 2018,Fri Aug 03 16:09:25 PDT 2018,Mon Aug 06 16:09:25 PDT 2018,,,,195,0% (0/0),0% (0/0),0% (0/0),Female,28,As a woman I feel that if I have a female physician they can relate to health questions or concerns that may arise more so than a male.,6-10,Female,,
3T2HW4QDUVTNFF296JWST80YUBRC9J,3QWFS36IISTTN0083DH0OZDXWA7QBB,Answer a 5 question survey about your opinions on preferred physician qualities,Answer a short survey about your opinions on preferred physician qualities,"survey, demographics",$0.50,Fri Aug 03 16:04:24 PDT 2018,100,BatchId:3328149;OriginalHitTemplateId:920937332;,1800,259200,Sat Aug 04 16:04:24 PDT 2018,,,3I33IC7ZWGOQ90I5RYQO2AXH946A2W,AZ8H2TN7Q46ZW,Submitted,Fri Aug 03 16:04:44 PDT 2018,Fri Aug 03 16:09:35 PDT 2018,Mon Aug 06 16:09:35 PDT 2018,,,,291,0% (0/0),0% (0/0),0% (0/0),Male,28,because i am all so male so my all problem tel us anyting,6-10,Male,,
3T2HW4QDUVTNFF296JWST80YUBRC9J,3QWFS36IISTTN0083DH0OZDXWA7QBB,Answer a 5 question survey about your opinions on preferred physician qualities,Answer a short survey about your opinions on preferred physician qualities,"survey, demographics",$0.50,Fri Aug 03 16:04:24 PDT 2018,100,BatchId:3328149;OriginalHitTemplateId:920937332;,1800,259200,Sat Aug 04 16:04:24 PDT 2018,,,30BUDKLTXEHLYAI4PMU8W0QKETWE5X,A23YQ8J1DNM084,Submitted,Fri Aug 03 16:06:24 PDT 2018,Fri Aug 03 16:09:52 PDT 2018,Mon Aug 06 16:09:52 PDT 2018,,,,208,0% (0/0),0% (0/0),0% (0/0),Either,40,I've had both and the gender doesn't really matter.  I care about their bedside manner and how kind and helpful they are.  I care about whether or not they listen to what I have to say.,1-5,Female,,
3T2HW4QDUVTNFF296JWST80YUBRC9J,3QWFS36IISTTN0083DH0OZDXWA7QBB,Answer a 5 question survey about your opinions on preferred physician qualities,Answer a short survey about your opinions on preferred physician qualities,"survey, demographics",$0.50,Fri Aug 03 16:04:24 PDT 2018,100,BatchId:3328149;OriginalHitTemplateId:920937332;,1800,259200,Sat Aug 04 16:04:24 PDT 2018,,,3PDJHANYK62T1O9KK6CJ991X24YH6V,A87D3K9YVKTQ7,Submitted,Fri Aug 03 16:05:14 PDT 2018,Fri Aug 03 16:09:55 PDT 2018,Mon Aug 06 16:09:55 PDT 2018,,,,281,0% (0/0),0% (0/0),0% (0/0),Male,35,I have seen male doctors all of my life and that's what I'm used to. I just feel more comfortable with them and I just stick with what I'm used to.,11 or more,Female,,
3T2HW4QDUVTNFF296JWST80YUBRC9J,3QWFS36IISTTN0083DH0OZDXWA7QBB,Answer a 5 question survey about your opinions on preferred physician qualities,Answer a short survey about your opinions on preferred physician qualities,"survey, demographics",$0.50,Fri Aug 03 16:04:24 PDT 2018,100,BatchId:3328149;OriginalHitTemplateId:920937332;,1800,259200,Sat Aug 04 16:04:24 PDT 2018,,,3NGMS9VZTM456LBPQ9RN0U2XFOPFFZ,A1EMF0INSZGGSK,Submitted,Fri Aug 03 16:05:54 PDT 2018,Fri Aug 03 16:10:06 PDT 2018,Mon Aug 06 16:10:06 PDT 2018,,,,252,0% (0/0),0% (0/0),0% (0/0),Male,42,Just better and easier to deal with a male for that. I think it is less awkward. Just more comfort really.,6-10,Male,,
3T2HW4QDUVTNFF296JWST80YUBRC9J,3QWFS36IISTTN0083DH0OZDXWA7QBB,Answer a 5 question survey about your opinions on preferred physician qualities,Answer a short survey about your opinions on preferred physician qualities,"survey, demographics",$0.50,Fri Aug 03 16:04:24 PDT 2018,100,BatchId:3328149;OriginalHitTemplateId:920937332;,1800,259200,Sat Aug 04 16:04:24 PDT 2018,,,339ANSOTR6O0WY5TSSO5J47U3CWKIV,A1VC6F0FYG1L5I,Submitted,Fri Aug 03 16:04:40 PDT 2018,Fri Aug 03 16:10:17 PDT 2018,Mon Aug 06 16:10:17 PDT 2018,,,,337,0% (0/0),0% (0/0),0% (0/0),Either,35,I am very comfortable with both sexes and only care if the dr is Experienced.  My dr. Is now a man.,6-10,Female,,
3T2HW4QDUVTNFF296JWST80YUBRC9J,3QWFS36IISTTN0083DH0OZDXWA7QBB,Answer a 5 question survey about your opinions on preferred physician qualities,Answer a short survey about your opinions on preferred physician qualities,"survey, demographics",$0.50,Fri Aug 03 16:04:24 PDT 2018,100,BatchId:3328149;OriginalHitTemplateId:920937332;,1800,259200,Sat Aug 04 16:04:24 PDT 2018,,,39L1G8WVWRDJ0U1OZFB0AJ96BO131D,A566S0J4H23DI,Submitted,Fri Aug 03 16:06:00 PDT 2018,Fri Aug 03 16:10:39 PDT 2018,Mon Aug 06 16:10:39 PDT 2018,,,,279,0% (0/0),0% (0/0),0% (0/0),Either,65,My urologist who performed a surgery on me two months ago was female.  She was very capable.,6-10,Male,,
3T2HW4QDUVTNFF296JWST80YUBRC9J,3QWFS36IISTTN0083DH0OZDXWA7QBB,Answer a 5 question survey about your opinions on preferred physician qualities,Answer a short survey about your opinions on preferred physician qualities,"survey, demographics",$0.50,Fri Aug 03 16:04:24 PDT 2018,100,BatchId:3328149;OriginalHitTemplateId:920937332;,1800,259200,Sat Aug 04 16:04:24 PDT 2018,,,3QBD8R3Z225PEIRT5VEUWKEKIZ6O45,AHPQVIEIBZOAS,Submitted,Fri Aug 03 16:05:09 PDT 2018,Fri Aug 03 16:10:45 PDT 2018,Mon Aug 06 16:10:45 PDT 2018,,,,336,100% (1/1),0% (0/0),0% (0/0),Either,24,"It does not really matter to me, however, I have mostly had male PCPs. I believe I would be equally comfortable with both. It depends on their individual personalities.",11 or more,Female,,
3T2HW4QDUVTNFF296JWST80YUBRC9J,3QWFS36IISTTN0083DH0OZDXWA7QBB,Answer a 5 question survey about your opinions on preferred physician qualities,Answer a short survey about your opinions on preferred physician qualities,"survey, demographics",$0.50,Fri Aug 03 16:04:24 PDT 2018,100,BatchId:3328149;OriginalHitTemplateId:920937332;,1800,259200,Sat Aug 04 16:04:24 PDT 2018,,,30ZX6P7VF9H1ATL9L431V900ZR12J5,AEQ95NMC3VXQ5,Submitted,Fri Aug 03 16:05:49 PDT 2018,Fri Aug 03 16:10:47 PDT 2018,Mon Aug 06 16:10:47 PDT 2018,,,,298,0% (0/0),0% (0/0),0% (0/0),Female,62,I've had both male and female doctors and in general I have no problem with either. But things I feel a little more comfortable having things like pap smears and mammograms done by a woman. It is also sometimes easier for me to discuss with a woman personal issues such as distressing things at home.,1-5,Female,,
3T2HW4QDUVTNFF296JWST80YUBRC9J,3QWFS36IISTTN0083DH0OZDXWA7QBB,Answer a 5 question survey about your opinions on preferred physician qualities,Answer a short survey about your opinions on preferred physician qualities,"survey, demographics",$0.50,Fri Aug 03 16:04:24 PDT 2018,100,BatchId:3328149;OriginalHitTemplateId:920937332;,1800,259200,Sat Aug 04 16:04:24 PDT 2018,,,3OONKJ5DKD59ZHC2KAOH4YKQSROOBC,A2UGM73EHLK6XI,Submitted,Fri Aug 03 16:06:14 PDT 2018,Fri Aug 03 16:10:51 PDT 2018,Mon Aug 06 16:10:51 PDT 2018,,,,277,0% (0/0),0% (0/0),0% (0/0),Either,30,"As long as they are educated, safe, and have a proper, polite, and warm beside manner and office I'll feel like I'm receiving proper care and attention.",1-5,Male,,
3T2HW4QDUVTNFF296JWST80YUBRC9J,3QWFS36IISTTN0083DH0OZDXWA7QBB,Answer a 5 question survey about your opinions on preferred physician qualities,Answer a short survey about your opinions on preferred physician qualities,"survey, demographics",$0.50,Fri Aug 03 16:04:24 PDT 2018,100,BatchId:3328149;OriginalHitTemplateId:920937332;,1800,259200,Sat Aug 04 16:04:24 PDT 2018,,,3TMSXRD2X7MGRS3C9ZM2FGK39HW1WI,A1CFMY4CEYOM8Y,Submitted,Fri Aug 03 16:05:32 PDT 2018,Fri Aug 03 16:11:17 PDT 2018,Mon Aug 06 16:11:17 PDT 2018,,,,345,0% (0/0),0% (0/0),0% (0/0),Male,39,"When I see someone, I feel better telling a guy my problems because I feel he would know more. Also especially if it has something to do with showing myself to someone.",6-10,Male,,
3T2HW4QDUVTNFF296JWST80YUBRC9J,3QWFS36IISTTN0083DH0OZDXWA7QBB,Answer a 5 question survey about your opinions on preferred physician qualities,Answer a short survey about your opinions on preferred physician qualities,"survey, demographics",$0.50,Fri Aug 03 16:04:24 PDT 2018,100,BatchId:3328149;OriginalHitTemplateId:920937332;,1800,259200,Sat Aug 04 16:04:24 PDT 2018,,,3OE22WJIGJARGSYOZEXGYT7EWDBUQ5,A1GKTC682SWY23,Submitted,Fri Aug 03 16:04:47 PDT 2018,Fri Aug 03 16:11:24 PDT 2018,Mon Aug 06 16:11:24 PDT 2018,,,,397,0% (0/0),0% (0/0),0% (0/0),Female,30,"I am a female, so I trust my own gender to not be inappropriate or anything like that. I was sexually abused as a child and feel more in control with a woman doctor.",1-5,Female,,
3T2HW4QDUVTNFF296JWST80YUBRC9J,3QWFS36IISTTN0083DH0OZDXWA7QBB,Answer a 5 question survey about your opinions on preferred physician qualities,Answer a short survey about your opinions on preferred physician qualities,"survey, demographics",$0.50,Fri Aug 03 16:04:24 PDT 2018,100,BatchId:3328149;OriginalHitTemplateId:920937332;,1800,259200,Sat Aug 04 16:04:24 PDT 2018,,,33OOO72IVI78ME9GUR6B9SWV9K4CTS,AG5KT50HA6LBB,Submitted,Fri Aug 03 16:04:47 PDT 2018,Fri Aug 03 16:11:27 PDT 2018,Mon Aug 06 16:11:27 PDT 2018,,,,400,0% (0/0),0% (0/0),0% (0/0),Female,27,"I prefer female doctors as well. I feel uncomfortable with a male doctors, I feel shy because I need a doctor in my same gender.I can tell everything openly to a female physician.",11 or more,Female,,
3T2HW4QDUVTNFF296JWST80YUBRC9J,3QWFS36IISTTN0083DH0OZDXWA7QBB,Answer a 5 question survey about your opinions on preferred physician qualities,Answer a short survey about your opinions on preferred physician qualities,"survey, demographics",$0.50,Fri Aug 03 16:04:24 PDT 2018,100,BatchId:3328149;OriginalHitTemplateId:920937332;,1800,259200,Sat Aug 04 16:04:24 PDT 2018,,,3570Y55XZQ5HKCOF6JPT709PMEDYGC,A3AFC26CB0AXMI,Submitted,Fri Aug 03 16:04:51 PDT 2018,Fri Aug 03 16:11:40 PDT 2018,Mon Aug 06 16:11:40 PDT 2018,,,,409,0% (0/0),0% (0/0),0% (0/0),Either,32,"it really doesn't matter as long as i'm not going to them to discuss man part issues i would feel equally comfortable, but if i were to have that type of issue i would definitely ask to see one of the male doctors at the office",6-10,Male,,
3T2HW4QDUVTNFF296JWST80YUBRC9J,3QWFS36IISTTN0083DH0OZDXWA7QBB,Answer a 5 question survey about your opinions on preferred physician qualities,Answer a short survey about your opinions on preferred physician qualities,"survey, demographics",$0.50,Fri Aug 03 16:04:24 PDT 2018,100,BatchId:3328149;OriginalHitTemplateId:920937332;,1800,259200,Sat Aug 04 16:04:24 PDT 2018,,,3ZY8KE4ISKPRT7NO447LUF9XAKLQVR,A1ZDR2UN7M92LI,Submitted,Fri Aug 03 16:11:10 PDT 2018,Fri Aug 03 16:11:41 PDT 2018,Mon Aug 06 16:11:41 PDT 2018,,,,31,0% (0/0),0% (0/0),0% (0/0),Either,34,I feel comfortable talking to a man or woman about any issues.,1-5,Male,,
3T2HW4QDUVTNFF296JWST80YUBRC9J,3QWFS36IISTTN0083DH0OZDXWA7QBB,Answer a 5 question survey about your opinions on preferred physician qualities,Answer a short survey about your opinions on preferred physician qualities,"survey, demographics",$0.50,Fri Aug 03 16:04:24 PDT 2018,100,BatchId:3328149;OriginalHitTemplateId:920937332;,1800,259200,Sat Aug 04 16:04:24 PDT 2018,,,37QW5D2ZRH85VB6OOFLGX14QHA4S8C,AROOCBM042SJD,Submitted,Fri Aug 03 16:04:26 PDT 2018,Fri Aug 03 16:11:45 PDT 2018,Mon Aug 06 16:11:45 PDT 2018,,,,439,100% (1/1),100% (1/1),0% (0/0),Female,33,I feel like I could relate more with a female than a male. Female would have more knowledge about my anatomy than a male. She could empathize with me about things that I am going through.,1-5,Female,,
3T2HW4QDUVTNFF296JWST80YUBRC9J,3QWFS36IISTTN0083DH0OZDXWA7QBB,Answer a 5 question survey about your opinions on preferred physician qualities,Answer a short survey about your opinions on preferred physician qualities,"survey, demographics",$0.50,Fri Aug 03 16:04:24 PDT 2018,100,BatchId:3328149;OriginalHitTemplateId:920937332;,1800,259200,Sat Aug 04 16:04:24 PDT 2018,,,3U0SRXB7CEREX3TFFSAUPOPPK3MNR9,A3CXK1KSRGU27V,Submitted,Fri Aug 03 16:06:05 PDT 2018,Fri Aug 03 16:12:04 PDT 2018,Mon Aug 06 16:12:04 PDT 2018,,,,359,100% (1/1),100% (1/1),0% (0/0),Either,28,I have had both female and male doctors in my life and I believe that they were all more or less very close in medical knowledge and skilled in practice.,1-5,Male,,
3T2HW4QDUVTNFF296JWST80YUBRC9J,3QWFS36IISTTN0083DH0OZDXWA7QBB,Answer a 5 question survey about your opinions on preferred physician qualities,Answer a short survey about your opinions on preferred physician qualities,"survey, demographics",$0.50,Fri Aug 03 16:04:24 PDT 2018,100,BatchId:3328149;OriginalHitTemplateId:920937332;,1800,259200,Sat Aug 04 16:04:24 PDT 2018,,,35DR22AR5E6RQVMH68W75SD7G3L3XA,AR4XFM7G1W0VQ,Submitted,Fri Aug 03 16:10:58 PDT 2018,Fri Aug 03 16:12:12 PDT 2018,Mon Aug 06 16:12:12 PDT 2018,,,,74,0% (0/0),0% (0/0),0% (0/0),Either,39,It would not make a difference whether my PCP was male or female. I would feel comfortable either way.,1-5,Male,,
3T2HW4QDUVTNFF296JWST80YUBRC9J,3QWFS36IISTTN0083DH0OZDXWA7QBB,Answer a 5 question survey about your opinions on preferred physician qualities,Answer a short survey about your opinions on preferred physician qualities,"survey, demographics",$0.50,Fri Aug 03 16:04:24 PDT 2018,100,BatchId:3328149;OriginalHitTemplateId:920937332;,1800,259200,Sat Aug 04 16:04:24 PDT 2018,,,3SEPORI8WOLGFBLHG5Z2PL7OUD7AZ6,A32U64W0S9PUA3,Submitted,Fri Aug 03 16:07:06 PDT 2018,Fri Aug 03 16:12:43 PDT 2018,Mon Aug 06 16:12:43 PDT 2018,,,,337,0% (0/0),0% (0/0),0% (0/0),Male,24,"It feels natural with the same sex. I will not get bad intentions in my head with the same sex. I'm more comfortable with a male doctor, it's been that way my whole life.",1-5,Male,,
3T2HW4QDUVTNFF296JWST80YUBRC9J,3QWFS36IISTTN0083DH0OZDXWA7QBB,Answer a 5 question survey about your opinions on preferred physician qualities,Answer a short survey about your opinions on preferred physician qualities,"survey, demographics",$0.50,Fri Aug 03 16:04:24 PDT 2018,100,BatchId:3328149;OriginalHitTemplateId:920937332;,1800,259200,Sat Aug 04 16:04:24 PDT 2018,,,3TDXMTX3CCGTXJK4QOU49L2C2HE6IE,A2YLK83DQ6PA5Y,Submitted,Fri Aug 03 16:06:14 PDT 2018,Fri Aug 03 16:12:49 PDT 2018,Mon Aug 06 16:12:49 PDT 2018,,,,395,0% (0/0),0% (0/0),0% (0/0),Male,41,Women don't listen to the words coming out of my mouth and proceed as if they reject reality and substitute their own.,1-5,Male,,
3T2HW4QDUVTNFF296JWST80YUBRC9J,3QWFS36IISTTN0083DH0OZDXWA7QBB,Answer a 5 question survey about your opinions on preferred physician qualities,Answer a short survey about your opinions on preferred physician qualities,"survey, demographics",$0.50,Fri Aug 03 16:04:24 PDT 2018,100,BatchId:3328149;OriginalHitTemplateId:920937332;,1800,259200,Sat Aug 04 16:04:24 PDT 2018,,,358UUM7WR0PPUI1SZLT5TR3ZKOGR71,A25D66AC4QUW2U,Submitted,Fri Aug 03 16:05:19 PDT 2018,Fri Aug 03 16:12:49 PDT 2018,Mon Aug 06 16:12:49 PDT 2018,,,,450,0% (0/0),0% (0/0),0% (0/0),Female,59,I can relate to female doctors.  I think that they understand my anatomy better since I am a woman.,6-10,Female,,
3T2HW4QDUVTNFF296JWST80YUBRC9J,3QWFS36IISTTN0083DH0OZDXWA7QBB,Answer a 5 question survey about your opinions on preferred physician qualities,Answer a short survey about your opinions on preferred physician qualities,"survey, demographics",$0.50,Fri Aug 03 16:04:24 PDT 2018,100,BatchId:3328149;OriginalHitTemplateId:920937332;,1800,259200,Sat Aug 04 16:04:24 PDT 2018,,,3LOTDFNYA8L7H7XKGY1N4IOXAREFWW,AR4UI9K92BUT3,Submitted,Fri Aug 03 16:04:48 PDT 2018,Fri Aug 03 16:12:56 PDT 2018,Mon Aug 06 16:12:56 PDT 2018,,,,488,0% (0/0),0% (0/0),0% (0/0),Either,68,"I always try to choose the best doc, no matter whether they are male or female.",11 or more,Female,,
3T2HW4QDUVTNFF296JWST80YUBRC9J,3QWFS36IISTTN0083DH0OZDXWA7QBB,Answer a 5 question survey about your opinions on preferred physician qualities,Answer a short survey about your opinions on preferred physician qualities,"survey, demographics",$0.50,Fri Aug 03 16:04:24 PDT 2018,100,BatchId:3328149;OriginalHitTemplateId:920937332;,1800,259200,Sat Aug 04 16:04:24 PDT 2018,,,3TXD01ZLD53KRNBQ1HQ3VQ690LV4UZ,A1DUPOUC9RNU4L,Submitted,Fri Aug 03 16:05:38 PDT 2018,Fri Aug 03 16:13:05 PDT 2018,Mon Aug 06 16:13:05 PDT 2018,,,,447,0% (0/0),0% (0/0),0% (0/0),Either,57,I tend to gauge the warmth of the person rather than the gender.,6-10,Female,,
3T2HW4QDUVTNFF296JWST80YUBRC9J,3QWFS36IISTTN0083DH0OZDXWA7QBB,Answer a 5 question survey about your opinions on preferred physician qualities,Answer a short survey about your opinions on preferred physician qualities,"survey, demographics",$0.50,Fri Aug 03 16:04:24 PDT 2018,100,BatchId:3328149;OriginalHitTemplateId:920937332;,1800,259200,Sat Aug 04 16:04:24 PDT 2018,,,3DHE4R9OCXXRJRV8DYIYYW8K7ZJG2E,A3GJ9W2VNUWRHA,Submitted,Fri Aug 03 16:04:50 PDT 2018,Fri Aug 03 16:13:12 PDT 2018,Mon Aug 06 16:13:12 PDT 2018,,,,502,100% (1/1),100% (1/1),0% (0/0),Either,23,"It doesn't depend on the gender, the only point we should follow is medicine. That's it.",6-10,Female,,
3T2HW4QDUVTNFF296JWST80YUBRC9J,3QWFS36IISTTN0083DH0OZDXWA7QBB,Answer a 5 question survey about your opinions on preferred physician qualities,Answer a short survey about your opinions on preferred physician qualities,"survey, demographics",$0.50,Fri Aug 03 16:04:24 PDT 2018,100,BatchId:3328149;OriginalHitTemplateId:920937332;,1800,259200,Sat Aug 04 16:04:24 PDT 2018,,,35BLDD71I7J07ZOFR0QYL8L1FN5ZVT,A19L8SNH73AX1Z,Submitted,Fri Aug 03 16:04:46 PDT 2018,Fri Aug 03 16:13:26 PDT 2018,Mon Aug 06 16:13:26 PDT 2018,,,,520,100% (1/1),0% (0/0),0% (0/0),Female,54,"I think that female physicians spend more time with me as their patient, as well as listen more carefully and this gives them a better understanding of my symptoms, etc.",0,Female,,
3T2HW4QDUVTNFF296JWST80YUBRC9J,3QWFS36IISTTN0083DH0OZDXWA7QBB,Answer a 5 question survey about your opinions on preferred physician qualities,Answer a short survey about your opinions on preferred physician qualities,"survey, demographics",$0.50,Fri Aug 03 16:04:24 PDT 2018,100,BatchId:3328149;OriginalHitTemplateId:920937332;,1800,259200,Sat Aug 04 16:04:24 PDT 2018,,,3YWRV122CTLLAOYSDKGGC2ME27PU8U,A1Z8AOIDT5IV43,Submitted,Fri Aug 03 16:04:33 PDT 2018,Fri Aug 03 16:13:49 PDT 2018,Mon Aug 06 16:13:49 PDT 2018,,,,556,0% (0/0),0% (0/0),0% (0/0),Either,30,I generally don't care I'm just there to get something checked out or get a prescription so neither bothers me. If she was incredibly attractive and she was viewing me naked that would make me feel awkward though.,1-5,Male,,
3T2HW4QDUVTNFF296JWST80YUBRC9J,3QWFS36IISTTN0083DH0OZDXWA7QBB,Answer a 5 question survey about your opinions on preferred physician qualities,Answer a short survey about your opinions on preferred physician qualities,"survey, demographics",$0.50,Fri Aug 03 16:04:24 PDT 2018,100,BatchId:3328149;OriginalHitTemplateId:920937332;,1800,259200,Sat Aug 04 16:04:24 PDT 2018,,,3AAJC4I4FHERG4OLABCFIKA7K0YJZS,A1V2H0UF94ATWY,Submitted,Fri Aug 03 16:04:30 PDT 2018,Fri Aug 03 16:13:50 PDT 2018,Mon Aug 06 16:13:50 PDT 2018,,,,560,100% (3/3),0% (0/0),0% (0/0),Male,59,"I am comfortable with either gender; I might have a slight preference towards woman physicians but not enough to say that I am ""more"" comfortable.",1-5,Male,,
3T2HW4QDUVTNFF296JWST80YUBRC9J,3QWFS36IISTTN0083DH0OZDXWA7QBB,Answer a 5 question survey about your opinions on preferred physician qualities,Answer a short survey about your opinions on preferred physician qualities,"survey, demographics",$0.50,Fri Aug 03 16:04:24 PDT 2018,100,BatchId:3328149;OriginalHitTemplateId:920937332;,1800,259200,Sat Aug 04 16:04:24 PDT 2018,,,3L0KT67Y8F2KAHX61JJAWESSAP7SYQ,A3CZ2S6TCQTJBK,Submitted,Fri Aug 03 16:04:38 PDT 2018,Fri Aug 03 16:14:06 PDT 2018,Mon Aug 06 16:14:06 PDT 2018,,,,568,0% (0/0),0% (0/0),0% (0/0),Male,53,"If I need to discuss sexual problems, I would rather speak to a male doctor. I would be able to relate better to him and be more open",1-5,Male,,
3T2HW4QDUVTNFF296JWST80YUBRC9J,3QWFS36IISTTN0083DH0OZDXWA7QBB,Answer a 5 question survey about your opinions on preferred physician qualities,Answer a short survey about your opinions on preferred physician qualities,"survey, demographics",$0.50,Fri Aug 03 16:04:24 PDT 2018,100,BatchId:3328149;OriginalHitTemplateId:920937332;,1800,259200,Sat Aug 04 16:04:24 PDT 2018,,,3DIP6YHAPDE4LS16NK1B8K0BGJX8ET,A2APPZDU0VS9LN,Submitted,Fri Aug 03 16:06:05 PDT 2018,Fri Aug 03 16:14:15 PDT 2018,Mon Aug 06 16:14:15 PDT 2018,,,,490,0% (0/0),0% (0/0),0% (0/0),Female,37,"I am a woman, born a woman, have the reproductive organs of a woman and feel like a woman.",1-5,Female,,
3T2HW4QDUVTNFF296JWST80YUBRC9J,3QWFS36IISTTN0083DH0OZDXWA7QBB,Answer a 5 question survey about your opinions on preferred physician qualities,Answer a short survey about your opinions on preferred physician qualities,"survey, demographics",$0.50,Fri Aug 03 16:04:24 PDT 2018,100,BatchId:3328149;OriginalHitTemplateId:920937332;,1800,259200,Sat Aug 04 16:04:24 PDT 2018,,,33CID57105FWQ15SSPTJUYIK9U53LI,AZLU5JWFIZVMD,Submitted,Fri Aug 03 16:05:02 PDT 2018,Fri Aug 03 16:15:11 PDT 2018,Mon Aug 06 16:15:11 PDT 2018,,,,609,0% (0/0),0% (0/0),0% (0/0),Male,33,I feel uncomfortable with female doctors even though I am sure that they are as capable.  It is just my personal preference.,1-5,Male,,
3T2HW4QDUVTNFF296JWST80YUBRC9J,3QWFS36IISTTN0083DH0OZDXWA7QBB,Answer a 5 question survey about your opinions on preferred physician qualities,Answer a short survey about your opinions on preferred physician qualities,"survey, demographics",$0.50,Fri Aug 03 16:04:24 PDT 2018,100,BatchId:3328149;OriginalHitTemplateId:920937332;,1800,259200,Sat Aug 04 16:04:24 PDT 2018,,,3RXPCZQMQQXKU6DCUUIKTDYFFT5G1X,A1GKD3NG1NNHRP,Submitted,Fri Aug 03 16:04:50 PDT 2018,Fri Aug 03 16:17:06 PDT 2018,Mon Aug 06 16:17:06 PDT 2018,,,,736,0% (0/0),0% (0/0),0% (0/0),Female,58,more comfortable talking about female problems to a female,1-5,Female,,
3T2HW4QDUVTNFF296JWST80YUBRC9J,3QWFS36IISTTN0083DH0OZDXWA7QBB,Answer a 5 question survey about your opinions on preferred physician qualities,Answer a short survey about your opinions on preferred physician qualities,"survey, demographics",$0.50,Fri Aug 03 16:04:24 PDT 2018,100,BatchId:3328149;OriginalHitTemplateId:920937332;,1800,259200,Sat Aug 04 16:04:24 PDT 2018,,,3IQ1VMJRYU619K34C753CX5VFAGA9O,A3IF13XHP5UPO2,Submitted,Fri Aug 03 16:04:47 PDT 2018,Fri Aug 03 16:18:39 PDT 2018,Mon Aug 06 16:18:39 PDT 2018,,,,832,0% (0/0),0% (0/0),0% (0/0),Either,25,"I like making a lot of research about my illnesses before visiting the doctor, so that i am effective when explaining my problem. As long as the doctor understands my problem very well, am good.",6-10,Male,,
3T2HW4QDUVTNFF296JWST80YUBRC9J,3QWFS36IISTTN0083DH0OZDXWA7QBB,Answer a 5 question survey about your opinions on preferred physician qualities,Answer a short survey about your opinions on preferred physician qualities,"survey, demographics",$0.50,Fri Aug 03 16:04:24 PDT 2018,100,BatchId:3328149;OriginalHitTemplateId:920937332;,1800,259200,Sat Aug 04 16:04:24 PDT 2018,,,3ZV9H2YQQETC1VHRW30L39Z07193WB,AJRY9ALX8069Y,Submitted,Fri Aug 03 16:05:07 PDT 2018,Fri Aug 03 16:19:01 PDT 2018,Mon Aug 06 16:19:01 PDT 2018,,,,834,100% (1/1),100% (1/1),0% (0/0),Female,34,"I prefer someone my own gender for discussing feminine issues and doing exams that are uncomfortable or embarrassing. However, what matters to me most is that the doctor has a good bedside manner, whether he is male or female. That makes a HUGE difference.",11 or more,Female,,
3T2HW4QDUVTNFF296JWST80YUBRC9J,3QWFS36IISTTN0083DH0OZDXWA7QBB,Answer a 5 question survey about your opinions on preferred physician qualities,Answer a short survey about your opinions on preferred physician qualities,"survey, demographics",$0.50,Fri Aug 03 16:04:24 PDT 2018,100,BatchId:3328149;OriginalHitTemplateId:920937332;,1800,259200,Sat Aug 04 16:04:24 PDT 2018,,,3VAR3R6G1QNQXJEVHY47DWUPKL38OX,A10F0OVV7A0U74,Submitted,Fri Aug 03 16:06:07 PDT 2018,Fri Aug 03 16:19:11 PDT 2018,Mon Aug 06 16:19:11 PDT 2018,,,,784,0% (0/0),0% (0/0),0% (0/0),Female,39,"I just feel like a female has a better understanding of a patient's needs, in general, and that women have more empathy and are more understanding than males are.",6-10,Male,,
3T2HW4QDUVTNFF296JWST80YUBRC9J,3QWFS36IISTTN0083DH0OZDXWA7QBB,Answer a 5 question survey about your opinions on preferred physician qualities,Answer a short survey about your opinions on preferred physician qualities,"survey, demographics",$0.50,Fri Aug 03 16:04:24 PDT 2018,100,BatchId:3328149;OriginalHitTemplateId:920937332;,1800,259200,Sat Aug 04 16:04:24 PDT 2018,,,32ZKVD547G9KDSJG1C4PGVMFX0RB33,A7T06JMP6BTDS,Submitted,Fri Aug 03 16:05:02 PDT 2018,Fri Aug 03 16:24:54 PDT 2018,Mon Aug 06 16:24:54 PDT 2018,,,,1192,0% (0/0),0% (0/0),0% (0/0),Either,27,I care about the personality of the doctor rather then gender.  I believe gender will not be an accurate sign of a good doctor but rather he they interact,1-5,Male,,
3T2HW4QDUVTNFF296JWST80YUBRC9J,3QWFS36IISTTN0083DH0OZDXWA7QBB,Answer a 5 question survey about your opinions on preferred physician qualities,Answer a short survey about your opinions on preferred physician qualities,"survey, demographics",$0.50,Fri Aug 03 16:04:24 PDT 2018,100,BatchId:3328149;OriginalHitTemplateId:920937332;,1800,259200,Sat Aug 04 16:04:24 PDT 2018,,,3YT88D1N09KL6VNA7PHIFY55KUZK3V,A4J4GGMKJ68L0,Submitted,Fri Aug 03 16:04:31 PDT 2018,Fri Aug 03 16:28:50 PDT 2018,Mon Aug 06 16:28:50 PDT 2018,,,,1459,0% (0/0),0% (0/0),0% (0/0),Male,24,"I find it easier to talk to other males about my medical issues. I feel that they are more understanding and less judgemental than females. I know it's stupid to think that but I really can't help it. If I have some sort of sex related issues, I wouldn't want to divulge it to another female, no matter her profession.",1-5,Male,,
3T2HW4QDUVTNFF296JWST80YUBRC9J,3QWFS36IISTTN0083DH0OZDXWA7QBB,Answer a 5 question survey about your opinions on preferred physician qualities,Answer a short survey about your opinions on preferred physician qualities,"survey, demographics",$0.50,Fri Aug 03 16:04:24 PDT 2018,100,BatchId:3328149;OriginalHitTemplateId:920937332;,1800,259200,Sat Aug 04 16:04:24 PDT 2018,,,39PAAFCODNM4LNFGL81GZKKKURXTVL,ACVJ6IUO9QM4R,Submitted,Fri Aug 03 16:19:18 PDT 2018,Fri Aug 03 16:31:05 PDT 2018,Mon Aug 06 16:31:05 PDT 2018,,,,707,0% (0/0),0% (0/0),0% (0/0),Male,35,I am extremely comfortable but it depends on the person. My MS Specialist is a female as is my regular neurologist and both are fantastic. But i've had other females that weren't good at all.,1-5,Female,,
3T2HW4QDUVTNFF296JWST80YUBRC9J,3QWFS36IISTTN0083DH0OZDXWA7QBB,Answer a 5 question survey about your opinions on preferred physician qualities,Answer a short survey about your opinions on preferred physician qualities,"survey, demographics",$0.50,Fri Aug 03 16:04:24 PDT 2018,100,BatchId:3328149;OriginalHitTemplateId:920937332;,1800,259200,Sat Aug 04 16:04:24 PDT 2018,,,3W92K5RLWV320L4QKCJIW4E6EOXV5I,AIBFR88A00FP3,Submitted,Fri Aug 03 16:04:54 PDT 2018,Fri Aug 03 16:32:00 PDT 2018,Mon Aug 06 16:32:00 PDT 2018,,,,1626,0% (0/0),0% (0/0),0% (0/0),Female,34,I am more comfortable with a female doctor because I feel like she would know the workings of how a females body is supposed to be healthy,1-5,Female,,
3T2HW4QDUVTNFF296JWST80YUBRC9J,3QWFS36IISTTN0083DH0OZDXWA7QBB,Answer a 5 question survey about your opinions on preferred physician qualities,Answer a short survey about your opinions on preferred physician qualities,"survey, demographics",$0.50,Fri Aug 03 16:04:24 PDT 2018,100,BatchId:3328149;OriginalHitTemplateId:920937332;,1800,259200,Sat Aug 04 16:04:24 PDT 2018,,,3ZPPDN2SLWI4ZXKGSC7P8GVM0PEE9N,A3358U09D6RYBU,Submitted,Fri Aug 03 16:05:12 PDT 2018,Fri Aug 03 16:33:14 PDT 2018,Mon Aug 06 16:33:14 PDT 2018,,,,1682,0% (0/0),0% (0/0),0% (0/0),Female,39,"because I'm female?  just easier to talk to and feel more comfortable, expecially when clothes are coming off for something",11 or more,Female,,
3T2HW4QDUVTNFF296JWST80YUBRC9J,3QWFS36IISTTN0083DH0OZDXWA7QBB,Answer a 5 question survey about your opinions on preferred physician qualities,Answer a short survey about your opinions on preferred physician qualities,"survey, demographics",$0.50,Fri Aug 03 16:04:24 PDT 2018,100,BatchId:3328149;OriginalHitTemplateId:920937332;,1800,259200,Sat Aug 04 16:04:24 PDT 2018,,,3KB8R4ZV1FTL74V4WRB9ZPBO15RGBB,A3TUJHF9LW3M8N,Submitted,Fri Aug 03 16:37:08 PDT 2018,Fri Aug 03 16:37:55 PDT 2018,Mon Aug 06 16:37:55 PDT 2018,,,,47,0% (0/0),0% (0/0),0% (0/0),Either,27,I don't care who it is as long as they are competent,1-5,Female,,
3T2HW4QDUVTNFF296JWST80YUBRC9J,3QWFS36IISTTN0083DH0OZDXWA7QBB,Answer a 5 question survey about your opinions on preferred physician qualities,Answer a short survey about your opinions on preferred physician qualities,"survey, demographics",$0.50,Fri Aug 03 16:04:24 PDT 2018,100,BatchId:3328149;OriginalHitTemplateId:920937332;,1800,259200,Sat Aug 04 16:04:24 PDT 2018,,,32M8BPYGAU8VUC9A213QLCF1WWDGIO,A27CEAL8PWSAG5,Submitted,Fri Aug 03 16:39:10 PDT 2018,Fri Aug 03 16:59:12 PDT 2018,Mon Aug 06 16:59:12 PDT 2018,,,,1202,0% (0/0),0% (0/0),0% (0/0),Male,42,"As long as they are professional, courtesy and knowledgeable it doesn't matter to me what gender they are. I just want some who truly cares about people.",6-10,Female,,
30UZJB2POHYG1S4EA08AOPR22ZK536,3QWFS36IISTTN0083DH0OZDXWA7QBB,Answer a 5 question survey about your opinions on preferred physician qualities,Answer a short survey about your opinions on preferred physician qualities,"survey, demographics",$0.50,Thu Aug 02 17:43:09 PDT 2018,10,BatchId:3326900;OriginalHitTemplateId:920937332;,1800,259200,Fri Aug 03 17:43:09 PDT 2018,,,352YTHGROWZFM1561IJ4CBHJ6ZW4H9,A1PUHCEBSOWETV,Approved,Thu Aug 02 17:43:19 PDT 2018,Thu Aug 02 18:06:44 PDT 2018,Sun Aug 05 18:06:44 PDT 2018,Fri Aug 03 16:01:54 PDT 2018,,,1405,100% (2/2),100% (2/2),100% (1/1),Male,21,To be perfect honest I'm less worried about getting a hardon if I'm with a male doctor. It isn't a huge deal either way but that is my reason.,6-10,Male,,
30UZJB2POHYG1S4EA08AOPR22ZK536,3QWFS36IISTTN0083DH0OZDXWA7QBB,Answer a 5 question survey about your opinions on preferred physician qualities,Answer a short survey about your opinions on preferred physician qualities,"survey, demographics",$0.50,Thu Aug 02 17:43:09 PDT 2018,10,BatchId:3326900;OriginalHitTemplateId:920937332;,1800,259200,Fri Aug 03 17:43:09 PDT 2018,,,3BEFOD78W7F1EF6HSFZH4GPFNLV4MI,A1U5BE8XJRXKW3,Approved,Thu Aug 02 17:43:23 PDT 2018,Thu Aug 02 17:47:07 PDT 2018,Sun Aug 05 17:47:07 PDT 2018,Fri Aug 03 16:01:54 PDT 2018,,,224,100% (1/1),100% (1/1),100% (1/1),Female,37,"I am gay. I feel that women make me feel more comfortable, because I'm not sexually interested or attracted to them.",1-5,Male,,
30UZJB2POHYG1S4EA08AOPR22ZK536,3QWFS36IISTTN0083DH0OZDXWA7QBB,Answer a 5 question survey about your opinions on preferred physician qualities,Answer a short survey about your opinions on preferred physician qualities,"survey, demographics",$0.50,Thu Aug 02 17:43:09 PDT 2018,10,BatchId:3326900;OriginalHitTemplateId:920937332;,1800,259200,Fri Aug 03 17:43:09 PDT 2018,,,3LJ7UR74RIZ7WXRH4GEHHVEFSB54NI,A16TP8YGKE1FJ5,Approved,Thu Aug 02 17:43:23 PDT 2018,Thu Aug 02 18:02:10 PDT 2018,Sun Aug 05 18:02:10 PDT 2018,Fri Aug 03 16:01:55 PDT 2018,,,1127,100% (1/1),100% (1/1),100% (1/1),Either,50,AShe long as they are qualified and can help me im good with either,6-10,Male,,
30UZJB2POHYG1S4EA08AOPR22ZK536,3QWFS36IISTTN0083DH0OZDXWA7QBB,Answer a 5 question survey about your opinions on preferred physician qualities,Answer a short survey about your opinions on preferred physician qualities,"survey, demographics",$0.50,Thu Aug 02 17:43:09 PDT 2018,10,BatchId:3326900;OriginalHitTemplateId:920937332;,1800,259200,Fri Aug 03 17:43:09 PDT 2018,,,3PEIJLRY6UFOHTO5GS79APO4EIDWXF,A1P6OXEJ86HQRM,Approved,Thu Aug 02 17:43:21 PDT 2018,Thu Aug 02 17:45:30 PDT 2018,Sun Aug 05 17:45:30 PDT 2018,Fri Aug 03 16:01:55 PDT 2018,,,129,100% (2/2),100% (2/2),100% (1/1),Either,36,I just want the most qualified and best physician I can find. That's my only objective in choosing a physician. There are no good reasons to think a male or a female will be inherently better than the other.,1-5,Male,,
30UZJB2POHYG1S4EA08AOPR22ZK536,3QWFS36IISTTN0083DH0OZDXWA7QBB,Answer a 5 question survey about your opinions on preferred physician qualities,Answer a short survey about your opinions on preferred physician qualities,"survey, demographics",$0.50,Thu Aug 02 17:43:09 PDT 2018,10,BatchId:3326900;OriginalHitTemplateId:920937332;,1800,259200,Fri Aug 03 17:43:09 PDT 2018,,,3PH3VY7DJMJDMOOKHAVU7A4FMIBWZC,A2VX8B1CJXRN2,Approved,Thu Aug 02 17:55:32 PDT 2018,Thu Aug 02 18:04:08 PDT 2018,Sun Aug 05 18:04:08 PDT 2018,Fri Aug 03 16:01:55 PDT 2018,,,516,100% (2/2),100% (2/2),100% (1/1),Female,54,I can talk about all aspects of my health because a female doctor understands female problems for the most part. A male will never understand menstruation or menopause.,11 or more,Female,,
30UZJB2POHYG1S4EA08AOPR22ZK536,3QWFS36IISTTN0083DH0OZDXWA7QBB,Answer a 5 question survey about your opinions on preferred physician qualities,Answer a short survey about your opinions on preferred physician qualities,"survey, demographics",$0.50,Thu Aug 02 17:43:09 PDT 2018,10,BatchId:3326900;OriginalHitTemplateId:920937332;,1800,259200,Fri Aug 03 17:43:09 PDT 2018,,,3QBD8R3Z225PEIRT5VEUWKEKILA4OX,A1ZT30BGR3266K,Approved,Thu Aug 02 17:43:24 PDT 2018,Thu Aug 02 17:45:06 PDT 2018,Sun Aug 05 17:45:06 PDT 2018,Fri Aug 03 16:01:55 PDT 2018,,,102,100% (2/2),100% (2/2),100% (1/1),Female,33,I feel like a female physician is more understanding and better equipped to take care of my needs as a woman.,11 or more,Female,,
30UZJB2POHYG1S4EA08AOPR22ZK536,3QWFS36IISTTN0083DH0OZDXWA7QBB,Answer a 5 question survey about your opinions on preferred physician qualities,Answer a short survey about your opinions on preferred physician qualities,"survey, demographics",$0.50,Thu Aug 02 17:43:09 PDT 2018,10,BatchId:3326900;OriginalHitTemplateId:920937332;,1800,259200,Fri Aug 03 17:43:09 PDT 2018,,,3T111IHZ5FCT81PLEIRP7NU5F089R7,A2YAYHZYI7M3HD,Approved,Thu Aug 02 18:14:11 PDT 2018,Thu Aug 02 18:20:28 PDT 2018,Sun Aug 05 18:20:28 PDT 2018,Fri Aug 03 16:01:55 PDT 2018,,,377,100% (1/1),100% (1/1),100% (1/1),Either,28,"It doesn't make a difference to me, as long as the doctor is good, then that is all that matters to me.",1-5,Female,,
30UZJB2POHYG1S4EA08AOPR22ZK536,3QWFS36IISTTN0083DH0OZDXWA7QBB,Answer a 5 question survey about your opinions on preferred physician qualities,Answer a short survey about your opinions on preferred physician qualities,"survey, demographics",$0.50,Thu Aug 02 17:43:09 PDT 2018,10,BatchId:3326900;OriginalHitTemplateId:920937332;,1800,259200,Fri Aug 03 17:43:09 PDT 2018,,,3VZLGYJEYMWSBOTARFRG9TIMVKHZX8,AGRKG3YT3KMD8,Approved,Thu Aug 02 17:44:48 PDT 2018,Thu Aug 02 18:11:46 PDT 2018,Sun Aug 05 18:11:46 PDT 2018,Fri Aug 03 16:01:55 PDT 2018,,,1618,100% (4/4),100% (1/1),100% (1/1),Male,32,I think they would be more viscerally understanding of male health problems. They would be more aware of male physiology on a gut level.,1-5,Male,,
30UZJB2POHYG1S4EA08AOPR22ZK536,3QWFS36IISTTN0083DH0OZDXWA7QBB,Answer a 5 question survey about your opinions on preferred physician qualities,Answer a short survey about your opinions on preferred physician qualities,"survey, demographics",$0.50,Thu Aug 02 17:43:09 PDT 2018,10,BatchId:3326900;OriginalHitTemplateId:920937332;,1800,259200,Fri Aug 03 17:43:09 PDT 2018,,,3X4JMASXCNVOW0KJIPM6EXO8UAKB0T,A13KMWHXNI4C12,Approved,Thu Aug 02 18:33:49 PDT 2018,Thu Aug 02 18:36:12 PDT 2018,Sun Aug 05 18:36:12 PDT 2018,Fri Aug 03 16:01:55 PDT 2018,,,143,100% (1/1),100% (1/1),100% (1/1),Female,33,I feel female doctors are less judgemental and aren't prone to narcissistic behavior. I feel they have empathy towards people with illnesses.,11 or more,Male,,
30UZJB2POHYG1S4EA08AOPR22ZK536,3QWFS36IISTTN0083DH0OZDXWA7QBB,Answer a 5 question survey about your opinions on preferred physician qualities,Answer a short survey about your opinions on preferred physician qualities,"survey, demographics",$0.50,Thu Aug 02 17:43:09 PDT 2018,10,BatchId:3326900;OriginalHitTemplateId:920937332;,1800,259200,Fri Aug 03 17:43:09 PDT 2018,,,3Z3ZLGNNSJG7HYL5KU1FBKHEJMVQ35,A3LL096CAY5WHB,Approved,Thu Aug 02 17:43:23 PDT 2018,Thu Aug 02 17:59:51 PDT 2018,Sun Aug 05 17:59:51 PDT 2018,Fri Aug 03 16:01:55 PDT 2018,,,988,100% (2/2),100% (2/2),100% (1/1),Either,22,The gender of my physician does not matter as long as they do their job correctly and thoroughly. I have no problem with a female or male physician.,1-5,Male,,
